"Sustained Wind Speed (kts)","Gust Factor","Year","Month","Day"
"3.89","2.0","2006","09","16"
"7.78","1.2493573264781492","2006","09","16"
"3.89","1.4987146529562982","2006","09","16"
"7.78","1.2493573264781492","2006","09","18"
"9.72","1.1975308641975309","2006","09","18"
"3.89","1.0","2006","09","18"
"5.83","1.3344768439108061","2006","09","24"
"11.64","1.3341924398625429","2006","09","24"
"9.72","1.1975308641975309","2006","09","24"
"7.78","1.2493573264781492","2006","09","24"
"11.64","1.3341924398625429","2006","09","24"
"13.61","1.2843497428361499","2006","09","25"
"1.94","2.0051546391752577","2006","09","25"
"3.89","1.4987146529562982","2006","10","08"
"3.89","1.4987146529562982","2006","10","13"
"5.83","1.0","2007","06","09"
"7.78","1.2493573264781492","2007","06","09"
"7.78","1.2493573264781492","2007","06","09"
"7.78","1.2493573264781492","2007","06","09"
"7.78","1.2493573264781492","2007","06","09"
"3.89","1.4987146529562982","2007","06","09"
"5.83","1.0","2007","06","09"
"3.89","1.0","2007","06","09"
"1.94","2.0051546391752577","2007","06","09"
"3.89","1.4987146529562982","2007","06","19"
"5.83","1.3344768439108061","2007","06","19"
"3.89","1.4987146529562982","2007","06","20"
"1.94","2.0051546391752577","2007","06","21"
"5.83","1.3344768439108061","2007","06","26"
"7.78","1.2493573264781492","2007","06","26"
"7.78","1.0","2007","06","26"
"7.78","1.2493573264781492","2007","06","26"
"5.83","1.0","2007","06","26"
"7.78","1.2493573264781492","2007","06","26"
"5.83","1.3344768439108061","2007","06","26"
"1.94","2.0051546391752577","2007","06","26"
"1.94","2.0051546391752577","2007","07","01"
"3.89","1.0","2007","07","02"
"7.78","1.2493573264781492","2007","07","03"
"7.78","1.0","2007","07","03"
"5.83","1.3344768439108061","2007","07","03"
"3.89","2.0","2007","07","04"
"11.64","1.1692439862542954","2007","07","12"
"11.64","1.1692439862542954","2007","07","12"
"11.64","1.3341924398625429","2007","07","12"
"11.64","1.1692439862542954","2007","07","12"
"3.89","1.0","2007","07","13"
"3.89","1.4987146529562982","2007","07","17"
"1.94","2.0051546391752577","2007","07","18"
"1.94","2.0051546391752577","2007","07","20"
"1.94","3.0051546391752577","2007","07","28"
"1.94","3.0051546391752577","2007","09","14"
"7.78","1.749357326478149","2007","09","17"
"7.78","1.4961439588688947","2007","09","17"
"1.94","3.0051546391752577","2007","09","17"
"3.89","2.4987146529562985","2007","10","07"
"7.78","1.2493573264781492","2007","10","07"
"5.83","1.3344768439108061","2007","10","07"
"9.72","1.4002057613168724","2007","10","09"
"13.61","1.2843497428361499","2007","10","09"
"15.53","1.2504829362524148","2007","10","09"
"9.72","1.1975308641975309","2007","10","09"
"3.89","2.0","2007","10","11"
"3.89","2.0","2007","10","20"
"1.94","4.010309278350515","2007","10","31"
"3.89","2.0","2007","11","04"
"9.72","1.1975308641975309","2007","11","07"
"5.83","1.3344768439108061","2007","11","07"
"5.83","1.3344768439108061","2007","11","07"
"9.72","1.4002057613168724","2007","11","09"
"9.72","1.1975308641975309","2007","11","09"
"9.72","1.1975308641975309","2007","11","09"
"3.89","1.4987146529562982","2007","11","15"
"1.94","2.0051546391752577","2007","11","19"
"5.83","1.6672384219554033","2007","11","25"
"3.89","1.4987146529562982","2007","12","06"
"1.94","2.0051546391752577","2007","12","07"
"1.94","2.0051546391752577","2007","12","16"
"33.03","1.2936724190130184","2007","12","23"
"36.91","1.2107829856407477","2007","12","23"
"34.95","1.2226037195994275","2007","12","23"
"34.95","1.2226037195994275","2007","12","23"
"33.03","1.2936724190130184","2007","12","23"
"33.03","1.2346351801392674","2007","12","23"
"33.03","1.2346351801392674","2007","12","25"
"34.95","1.2786838340486408","2007","12","25"
"36.91","1.3156326198862098","2007","12","25"
"34.95","1.2786838340486408","2007","12","25"
"36.91","1.3156326198862098","2007","12","25"
"33.03","1.2346351801392674","2007","12","25"
"34.95","1.2786838340486408","2007","12","25"
"21.36","1.3642322097378279","2007","12","26"
"23.31","1.3333333333333333","2007","12","26"
"21.36","1.182116104868914","2007","12","27"
"23.31","1.25010725010725","2007","12","27"
"25.25","1.154059405940594","2007","12","27"
"25.25","1.3081188118811882","2007","12","27"
"29.14","1.1993822923816062","2007","12","27"
"27.19","1.2853990437660905","2007","12","27"
"21.36","1.182116104868914","2007","12","28"
"17.48","1.333524027459954","2007","12","29"
"21.36","1.272940074906367","2007","12","29"
"19.42","1.3002059732234807","2007","12","29"
"21.36","1.272940074906367","2007","12","29"
"21.36","1.3642322097378279","2007","12","29"
"19.42","1.2003089598352212","2007","12","29"
"13.61","1.2843497428361499","2007","12","30"
"13.61","1.2843497428361499","2007","12","30"
"11.64","1.1692439862542954","2007","12","30"
"27.19","1.2147848473703566","2007","12","31"
"33.03","1.2346351801392674","2008","01","01"
"33.03","1.2346351801392674","2008","01","01"
"38.86","1.2995367987647968","2008","01","01"
"40.78","1.2859244727807748","2008","01","01"
"1.94","2.0051546391752577","2008","01","04"
"3.89","1.4987146529562982","2008","01","04"
"3.89","1.4987146529562982","2008","01","04"
"17.48","1.2219679633867275","2008","01","06"
"17.48","1.2219679633867275","2008","01","07"
"29.14","1.1993822923816062","2008","01","08"
"27.19","1.2853990437660905","2008","01","08"
"13.61","1.2843497428361499","2008","01","10"
"21.36","1.272940074906367","2008","01","13"
"21.36","1.3642322097378279","2008","01","15"
"25.25","1.2308910891089109","2008","01","18"
"1.94","2.0051546391752577","2008","01","19"
"11.64","1.1692439862542954","2008","01","21"
"11.64","1.1692439862542954","2008","01","21"
"5.83","1.3344768439108061","2008","01","22"
"7.78","1.749357326478149","2008","01","27"
"29.14","1.1993822923816062","2008","01","29"
"27.19","1.2147848473703566","2008","01","29"
"23.31","1.1664521664521665","2008","01","29"
"15.53","1.3754024468770123","2008","01","29"
"29.14","1.266643788606726","2008","01","30"
"25.25","1.2308910891089109","2008","01","31"
"5.83","1.3344768439108061","2008","02","04"
"31.08","1.2503217503217503","2008","02","06"
"31.08","1.1875804375804375","2008","02","06"
"25.25","1.3081188118811882","2008","02","08"
"27.19","1.3574843692534018","2008","02","08"
"23.31","1.25010725010725","2008","02","08"
"19.42","1.6004119464469617","2008","02","08"
"25.25","1.3081188118811882","2008","02","08"
"21.36","1.4550561797752808","2008","02","09"
"29.14","1.1993822923816062","2008","02","09"
"38.86","1.249613998970664","2008","02","09"
"34.95","1.3336194563662374","2008","02","10"
"23.31","1.25010725010725","2008","02","11"
"25.25","1.2308910891089109","2008","02","11"
"25.25","1.154059405940594","2008","02","11"
"27.19","1.2853990437660905","2008","02","12"
"38.86","1.249613998970664","2008","02","14"
"11.64","1.3341924398625429","2008","02","16"
"21.36","1.182116104868914","2008","02","16"
"31.08","1.1875804375804375","2008","02","17"
"29.14","1.1993822923816062","2008","02","17"
"29.14","1.3335621139327385","2008","02","17"
"33.03","1.2346351801392674","2008","02","17"
"27.19","1.2853990437660905","2008","02","17"
"31.08","1.2503217503217503","2008","02","17"
"31.08","1.1875804375804375","2008","02","17"
"1.94","1.0","2008","06","21"
"1.94","1.0","2008","06","21"
"9.72","1.0","2008","06","23"
"5.83","1.3344768439108061","2008","06","23"
"3.89","1.4987146529562982","2008","06","23"
"1.94","2.0051546391752577","2008","06","24"
"1.94","2.0051546391752577","2008","06","24"
"3.89","1.0","2008","06","24"
"3.89","1.0","2008","06","24"
"5.83","1.3344768439108061","2008","06","30"
"5.83","1.0","2008","06","30"
"3.89","1.0","2008","06","30"
"1.94","1.0","2008","06","30"
"5.83","1.3344768439108061","2008","07","01"
"7.78","1.0","2008","07","01"
"7.78","1.2493573264781492","2008","07","01"
"9.72","1.0","2008","07","01"
"7.78","1.2493573264781492","2008","07","01"
"9.72","1.4002057613168724","2008","07","01"
"1.94","1.0","2008","07","03"
"3.89","1.0","2008","07","04"
"1.94","2.0051546391752577","2008","07","04"
"3.89","1.0","2008","07","05"
"3.89","1.0","2008","07","13"
"3.89","1.4987146529562982","2008","07","20"
"1.94","1.0","2008","08","01"
"1.94","1.0","2008","08","03"
"1.94","2.0051546391752577","2008","08","10"
"1.94","1.0","2008","08","10"
"3.89","2.0","2008","08","20"
"3.89","1.4987146529562982","2008","08","21"
"5.83","1.3344768439108061","2008","08","21"
"7.78","1.0","2008","08","21"
"3.89","1.4987146529562982","2008","08","27"
"3.89","1.4987146529562982","2008","08","27"
"1.94","2.0051546391752577","2008","08","27"
"1.94","2.0051546391752577","2008","09","06"
"3.89","1.0","2008","09","21"
"3.89","1.4987146529562982","2008","09","21"
"1.94","1.0","2008","09","24"
"1.94","2.0051546391752577","2008","09","29"
"1.94","3.0051546391752577","2008","09","30"
"7.78","1.2493573264781492","2008","10","01"
"11.64","1.1692439862542954","2008","10","02"
"11.64","1.1692439862542954","2008","10","02"
"1.94","1.0","2008","10","04"
"3.89","1.4987146529562982","2008","10","05"
"3.89","1.4987146529562982","2008","10","06"
"3.89","1.4987146529562982","2008","10","09"
"1.94","4.010309278350515","2008","10","25"
"5.83","1.6672384219554033","2008","10","25"
"1.94","3.0051546391752577","2008","10","28"
"21.36","1.4550561797752808","2008","10","28"
"19.42","1.2003089598352212","2008","10","28"
"7.78","1.2493573264781492","2008","10","31"
"7.78","1.2493573264781492","2008","10","31"
"11.64","1.3341924398625429","2008","10","31"
"13.61","1.2843497428361499","2008","10","31"
"11.64","1.1692439862542954","2008","10","31"
"9.72","1.1975308641975309","2008","11","02"
"11.64","1.1692439862542954","2008","11","02"
"5.83","1.3344768439108061","2008","11","09"
"5.83","1.3344768439108061","2008","11","09"
"17.48","1.555491990846682","2008","11","15"
"7.78","1.4961439588688947","2008","12","02"
"1.94","3.0051546391752577","2008","12","02"
"3.89","1.4987146529562982","2008","12","12"
"11.64","1.1692439862542954","2008","12","20"
"7.78","1.2493573264781492","2008","12","21"
"5.83","1.3344768439108061","2008","12","21"
"5.83","1.6672384219554033","2008","12","22"
"5.83","1.3344768439108061","2008","12","22"
"3.89","2.0","2008","12","22"
"15.53","1.2504829362524148","2008","12","24"
"3.89","1.4987146529562982","2009","01","21"
"1.94","2.0051546391752577","2009","01","21"
"11.64","1.1692439862542954","2009","01","22"
"7.78","1.2493573264781492","2009","02","04"
"7.78","1.4961439588688947","2009","02","05"
"5.83","1.3344768439108061","2009","02","09"
"1.94","3.0051546391752577","2009","02","09"
"11.64","1.5017182130584192","2009","02","21"
"11.64","1.3341924398625429","2009","02","21"
"9.72","1.0","2009","02","22"
"3.89","1.4987146529562982","2009","02","23"
"1.94","1.0","2009","02","24"
"3.89","1.0","2009","02","25"
"3.89","1.4987146529562982","2009","02","25"
"5.83","1.3344768439108061","2009","03","01"
"3.89","1.4987146529562982","2009","03","01"
"3.89","1.4987146529562982","2009","03","01"
"3.89","1.4987146529562982","2009","03","01"
"3.89","1.4987146529562982","2009","03","01"
"3.89","1.0","2009","03","01"
"3.89","1.4987146529562982","2009","03","01"
"7.78","1.2493573264781492","2009","03","02"
"3.89","2.0","2009","03","04"
"3.89","1.4987146529562982","2009","03","04"
"5.83","1.3344768439108061","2009","03","15"
"1.94","3.0051546391752577","2009","03","25"
"1.94","2.0051546391752577","2009","04","06"
"17.48","1.2219679633867275","2009","04","07"
"11.64","1.5017182130584192","2009","04","17"
"7.78","1.4961439588688947","2009","04","17"
"5.83","1.6672384219554033","2009","04","17"
"5.83","1.3344768439108061","2009","04","17"
"7.78","1.2493573264781492","2009","04","20"
"3.89","1.4987146529562982","2009","04","22"
"5.83","1.3344768439108061","2009","05","02"
"3.89","1.4987146529562982","2009","05","02"
"3.89","1.4987146529562982","2009","05","02"
"3.89","1.4987146529562982","2009","05","02"
"3.89","1.4987146529562982","2009","05","02"
"3.89","1.0","2009","05","02"
"1.94","2.0051546391752577","2009","05","02"
"1.94","2.0051546391752577","2009","05","02"
"5.83","1.3344768439108061","2009","05","02"
"3.89","1.4987146529562982","2009","05","02"
"3.89","1.4987146529562982","2009","05","03"
"5.83","1.0","2009","05","03"
"1.94","2.0051546391752577","2009","05","03"
"3.89","1.0","2009","05","04"
"3.89","1.0","2009","05","04"
"5.83","1.3344768439108061","2009","05","10"
"5.83","1.3344768439108061","2009","05","10"
"1.94","1.0","2009","05","18"
"3.89","1.4987146529562982","2009","05","25"
"3.89","1.0","2009","05","26"
"1.94","1.0","2009","05","26"
"5.83","1.0","2009","05","28"
"7.78","1.0","2009","05","29"
"3.89","2.0","2009","06","19"
"3.89","1.4987146529562982","2009","06","19"
"3.89","1.4987146529562982","2009","06","19"
"11.64","1.3341924398625429","2009","06","28"
"7.78","1.749357326478149","2009","06","28"
"5.83","1.6672384219554033","2009","06","28"
"3.89","1.0","2009","07","15"
"3.89","1.4987146529562982","2009","07","17"
"5.83","1.0","2009","07","17"
"5.83","1.3344768439108061","2009","07","18"
"3.89","1.4987146529562982","2009","07","18"
"1.94","2.0051546391752577","2009","07","21"
"3.89","1.0","2009","08","07"
"1.94","2.0051546391752577","2009","08","07"
"1.94","1.0","2009","08","08"
"5.83","1.3344768439108061","2009","08","08"
"1.94","2.0051546391752577","2009","08","10"
"1.94","1.0","2009","08","10"
"1.94","1.0","2009","08","22"
"3.89","2.0","2009","08","31"
"5.83","1.0","2009","09","02"
"3.89","1.4987146529562982","2009","09","03"
"5.83","1.0","2009","09","05"
"5.83","1.3344768439108061","2009","09","05"
"1.94","2.0051546391752577","2009","09","13"
"7.78","1.2493573264781492","2009","09","15"
"7.78","1.2493573264781492","2009","09","15"
"5.83","1.6672384219554033","2009","09","15"
"11.64","1.1692439862542954","2009","09","23"
"13.61","1.1410727406318883","2009","09","23"
"17.48","1.2219679633867275","2009","09","23"
"17.48","1.2219679633867275","2009","09","23"
"15.53","1.2504829362524148","2009","09","23"
"11.64","1.3341924398625429","2009","09","23"
"9.72","1.4002057613168724","2009","10","02"
"11.64","1.1692439862542954","2009","10","02"
"9.72","1.4002057613168724","2009","10","02"
"5.83","1.3344768439108061","2009","10","03"
"3.89","2.0","2009","10","03"
"1.94","1.0","2009","10","03"
"3.89","1.4987146529562982","2009","10","13"
"3.89","2.0","2009","10","13"
"9.72","1.4002057613168724","2009","10","14"
"15.53","1.2504829362524148","2009","10","14"
"5.83","1.3344768439108061","2009","10","14"
"1.94","2.0051546391752577","2009","10","15"
"15.53","1.3754024468770123","2009","10","29"
"11.64","1.1692439862542954","2009","10","30"
"5.83","1.6672384219554033","2009","10","30"
"9.72","1.1975308641975309","2009","11","09"
"9.72","1.4002057613168724","2009","11","09"
"9.72","1.1975308641975309","2009","11","09"
"9.72","1.1975308641975309","2009","11","09"
"7.78","1.2493573264781492","2009","11","09"
"9.72","1.0","2009","11","09"
"5.83","1.6672384219554033","2009","11","09"
"11.64","1.1692439862542954","2009","11","19"
"9.72","1.4002057613168724","2009","11","19"
"7.78","1.2493573264781492","2009","12","05"
"5.83","1.6672384219554033","2009","12","05"
"5.83","1.3344768439108061","2009","12","05"
"7.78","1.2493573264781492","2009","12","05"
"1.94","1.0","2009","12","05"
"3.89","2.0","2009","12","07"
"7.78","1.4961439588688947","2009","12","08"
"5.83","1.3344768439108061","2009","12","08"
"1.94","2.0051546391752577","2009","12","08"
"3.89","1.4987146529562982","2009","12","08"
"5.83","1.3344768439108061","2009","12","08"
"3.89","2.0","2009","12","08"
"5.83","1.3344768439108061","2009","12","10"
"7.78","1.2493573264781492","2009","12","10"
"5.83","1.6672384219554033","2009","12","15"
"7.78","1.4961439588688947","2009","12","19"
"7.78","1.4961439588688947","2009","12","19"
"5.83","1.6672384219554033","2009","12","19"
"3.89","1.4987146529562982","2009","12","20"
"7.78","1.2493573264781492","2009","12","21"
"3.89","1.4987146529562982","2009","12","29"
"5.83","1.3344768439108061","2009","12","29"
"9.72","1.1975308641975309","2009","12","29"
"11.64","1.1692439862542954","2009","12","29"
"7.78","1.2493573264781492","2009","12","29"
"11.64","1.1692439862542954","2009","12","29"
"11.64","1.1692439862542954","2009","12","29"
"11.64","1.1692439862542954","2009","12","29"
"9.72","1.1975308641975309","2009","12","29"
"9.72","1.1975308641975309","2009","12","29"
"7.78","1.2493573264781492","2009","12","29"
"3.89","1.4987146529562982","2009","12","30"
"3.89","1.4987146529562982","2010","01","01"
"1.94","3.0051546391752577","2010","01","01"
"3.89","1.4987146529562982","2010","01","04"
"5.83","1.3344768439108061","2010","01","04"
"5.83","1.3344768439108061","2010","01","05"
"1.94","2.0051546391752577","2010","01","05"
"3.89","1.4987146529562982","2010","01","15"
"1.94","1.0","2010","01","20"
"5.83","1.3344768439108061","2010","01","20"
"5.83","1.6672384219554033","2010","01","20"
"5.83","1.6672384219554033","2010","01","20"
"11.64","1.1692439862542954","2010","01","20"
"9.72","1.1975308641975309","2010","01","20"
"1.94","1.0","2010","01","23"
"5.83","1.6672384219554033","2010","01","23"
"5.83","1.3344768439108061","2010","01","23"
"7.78","1.2493573264781492","2010","01","25"
"1.94","2.0051546391752577","2010","01","25"
"7.78","1.2493573264781492","2010","01","29"
"1.94","2.0051546391752577","2010","02","03"
"3.89","1.4987146529562982","2010","02","04"
"1.94","3.0051546391752577","2010","02","04"
"9.72","1.4002057613168724","2010","02","05"
"7.78","1.2493573264781492","2010","02","05"
"5.83","1.6672384219554033","2010","02","13"
"5.83","1.3344768439108061","2010","02","22"
"1.94","1.0","2010","02","26"
"3.89","1.0","2010","02","26"
"3.89","1.4987146529562982","2010","02","26"
"1.94","3.0051546391752577","2010","03","10"
"17.48","1.2219679633867275","2010","03","16"
"1.94","1.0","2010","03","20"
"1.94","2.0051546391752577","2010","03","20"
"1.94","2.0051546391752577","2010","03","21"
"3.89","2.0","2010","03","25"
"3.89","1.4987146529562982","2010","03","25"
"1.94","2.0051546391752577","2010","03","25"
"1.94","1.0","2010","03","25"
"1.94","1.0","2010","03","26"
"3.89","1.0","2010","03","26"
"7.78","1.2493573264781492","2010","04","03"
"1.94","3.0051546391752577","2010","04","03"
"1.94","2.0051546391752577","2010","04","06"
"3.89","2.0","2010","04","07"
"3.89","1.4987146529562982","2010","04","09"
"3.89","2.0","2010","04","09"
"3.89","2.0","2010","04","09"
"3.89","1.4987146529562982","2010","04","10"
"1.94","3.0051546391752577","2010","04","15"
"3.89","1.4987146529562982","2010","04","16"
"5.83","1.3344768439108061","2010","04","20"
"5.83","1.6672384219554033","2010","04","20"
"5.83","1.3344768439108061","2010","04","20"
"5.83","1.3344768439108061","2010","04","20"
"3.89","1.4987146529562982","2010","04","20"
"5.83","1.6672384219554033","2010","04","20"
"7.78","1.2493573264781492","2010","04","20"
"3.89","2.0","2010","04","23"
"7.78","1.2493573264781492","2010","04","23"
"5.83","1.6672384219554033","2010","04","23"
"5.83","1.3344768439108061","2010","04","23"
"1.94","3.0051546391752577","2010","04","27"
"3.89","2.0","2010","04","27"
"5.83","1.3344768439108061","2010","04","28"
"9.72","1.5977366255144032","2010","05","01"
"9.72","1.1975308641975309","2010","05","17"
"7.78","1.2493573264781492","2010","05","17"
"5.83","1.3344768439108061","2010","05","17"
"5.83","1.0","2010","05","17"
"3.89","1.4987146529562982","2010","05","17"
"3.89","1.4987146529562982","2010","05","17"
"3.89","1.4987146529562982","2010","05","17"
"1.94","2.0051546391752577","2010","05","18"
"3.89","1.4987146529562982","2010","05","18"
"3.89","1.4987146529562982","2010","05","18"
"3.89","1.4987146529562982","2010","05","18"
"1.94","2.0051546391752577","2010","05","19"
"5.83","1.3344768439108061","2010","05","19"
"5.83","1.3344768439108061","2010","05","21"
"7.78","1.2493573264781492","2010","05","23"
"3.89","1.0","2010","05","24"
"7.78","1.2493573264781492","2010","05","24"
"5.83","1.3344768439108061","2010","05","24"
"3.89","1.0","2010","05","26"
"1.94","2.0051546391752577","2010","05","27"
"13.61","1.1410727406318883","2010","06","02"
"13.61","1.2843497428361499","2010","06","02"
"13.61","1.1410727406318883","2010","06","02"
"11.64","1.0","2010","06","02"
"7.78","1.2493573264781492","2010","06","02"
"1.94","2.0051546391752577","2010","06","06"
"3.89","1.4987146529562982","2010","06","06"
"3.89","1.4987146529562982","2010","06","06"
"3.89","1.0","2010","06","06"
"3.89","1.4987146529562982","2010","06","06"
"3.89","1.4987146529562982","2010","07","09"
"1.94","2.0051546391752577","2010","07","09"
"1.94","2.0051546391752577","2010","07","29"
"1.94","2.0051546391752577","2010","08","12"
"1.94","2.0051546391752577","2010","08","12"
"1.94","2.0051546391752577","2010","08","12"
"3.89","1.0","2010","08","15"
"1.94","1.0","2010","08","22"
"7.78","1.2493573264781492","2010","08","29"
"1.94","2.0051546391752577","2010","08","29"
"9.72","1.1975308641975309","2010","08","31"
"7.78","1.2493573264781492","2010","08","31"
"1.94","2.0051546391752577","2010","09","02"
"1.94","1.0","2010","09","13"
"3.89","1.4987146529562982","2010","09","13"
"3.89","1.0","2010","09","13"
"3.89","1.4987146529562982","2010","09","13"
"1.94","2.0051546391752577","2010","09","13"
"1.94","2.0051546391752577","2010","09","13"
"3.89","1.0","2010","09","14"
"1.94","2.0051546391752577","2010","09","15"
"1.94","2.0051546391752577","2010","09","19"
"3.89","1.4987146529562982","2010","09","19"
"1.94","2.0051546391752577","2010","09","20"
"3.89","1.0","2010","09","20"
"3.89","1.0","2010","09","20"
"11.64","1.1692439862542954","2010","09","27"
"5.83","1.6672384219554033","2010","09","27"
"7.78","1.4961439588688947","2010","10","07"
"1.94","2.0051546391752577","2010","10","08"
"17.48","1.2219679633867275","2010","10","09"
"17.48","1.333524027459954","2010","10","09"
"11.64","1.3341924398625429","2010","10","09"
"31.08","1.2503217503217503","2010","10","13"
"5.83","1.3344768439108061","2010","12","20"
"5.83","1.9965694682675816","2011","01","14"
"1.94","3.0051546391752577","2011","01","17"
"7.78","1.4961439588688947","2011","02","24"
"15.53","1.2504829362524148","2011","02","27"
"11.64","1.5017182130584192","2011","02","27"
"7.78","1.9961439588688945","2011","02","28"
"5.83","1.6672384219554033","2011","02","28"
"23.31","1.3333333333333333","2011","03","01"
"11.64","1.668384879725086","2011","03","01"
"1.94","2.0051546391752577","2011","03","12"
"11.64","1.1692439862542954","2011","03","13"
"1.94","1.0","2011","03","26"
"5.83","1.3344768439108061","2011","05","20"
"1.94","2.0051546391752577","2011","05","23"
"3.89","1.0","2011","05","25"
"5.83","1.3344768439108061","2011","06","12"
"1.94","2.0051546391752577","2011","06","12"
"1.94","2.0051546391752577","2011","06","12"
"1.94","2.0051546391752577","2011","06","12"
"1.94","2.0051546391752577","2011","06","12"
"5.83","1.0","2011","06","13"
"3.89","1.4987146529562982","2011","06","13"
"3.89","1.4987146529562982","2011","06","13"
"3.89","1.4987146529562982","2011","06","13"
"1.94","1.0","2011","06","17"
"3.89","1.0","2011","06","17"
"1.94","2.0051546391752577","2011","06","21"
"1.94","2.0051546391752577","2011","06","21"
"7.78","1.2493573264781492","2011","06","22"
"3.89","1.4987146529562982","2011","06","24"
"1.94","2.0051546391752577","2011","06","24"
"11.64","1.1692439862542954","2011","07","06"
"9.72","1.4002057613168724","2011","07","06"
"1.94","2.0051546391752577","2011","07","16"
"1.94","2.0051546391752577","2011","07","20"
"3.89","1.4987146529562982","2011","07","20"
"9.72","1.0","2011","07","23"
"7.78","1.2493573264781492","2011","07","23"
"7.78","1.2493573264781492","2011","07","23"
"7.78","1.0","2011","07","23"
"7.78","1.2493573264781492","2011","07","23"
"1.94","1.0","2011","07","30"
"3.89","1.4987146529562982","2011","07","30"
"3.89","1.0","2011","08","30"
"3.89","1.0","2011","08","31"
"1.94","2.0051546391752577","2011","09","08"
"1.94","3.0051546391752577","2011","09","08"
"1.94","2.0051546391752577","2011","09","08"
"3.89","1.4987146529562982","2011","09","08"
"3.89","1.4987146529562982","2011","09","08"
"5.83","1.3344768439108061","2011","09","08"
"7.78","1.2493573264781492","2011","09","08"
"9.72","1.1975308641975309","2011","09","08"
"9.72","1.1975308641975309","2011","09","08"
"7.78","1.2493573264781492","2011","09","08"
"7.78","1.2493573264781492","2011","09","08"
"3.89","1.4987146529562982","2011","09","08"
"5.83","1.3344768439108061","2011","09","11"
"5.83","1.3344768439108061","2011","09","11"
"3.89","1.4987146529562982","2011","09","11"
"7.78","1.0","2011","09","12"
"3.89","1.4987146529562982","2011","09","12"
"5.83","1.3344768439108061","2011","09","12"
"11.64","1.3341924398625429","2011","09","18"
"19.42","1.3002059732234807","2011","09","23"
"11.64","1.1692439862542954","2011","09","26"
"9.72","1.1975308641975309","2011","10","04"
"1.94","2.0051546391752577","2011","10","04"
"5.83","1.9965694682675816","2011","10","10"
"7.78","1.4961439588688947","2011","10","11"
"9.72","1.1975308641975309","2011","10","11"
"7.78","1.4961439588688947","2011","10","11"
"5.83","1.6672384219554033","2011","10","11"
"5.83","1.6672384219554033","2011","10","11"
"5.83","1.3344768439108061","2011","10","11"
"11.64","1.1692439862542954","2011","10","17"
"9.72","1.4002057613168724","2011","10","17"
"7.78","1.2493573264781492","2011","10","17"
"7.78","1.4961439588688947","2011","10","17"
"1.94","5.010309278350516","2011","10","22"
"5.83","1.9965694682675816","2011","11","02"
"1.94","3.0051546391752577","2011","11","08"
"3.89","2.4987146529562985","2011","12","13"
"5.83","1.9965694682675816","2011","12","13"
"1.94","3.0051546391752577","2011","12","13"
"5.83","1.3344768439108061","2011","12","17"
"3.89","2.0","2011","12","19"
"1.94","4.010309278350515","2011","12","19"
"7.78","1.2493573264781492","2011","12","28"
"13.61","1.4268919911829538","2012","01","03"
"11.64","1.3341924398625429","2012","01","03"
"7.78","1.4961439588688947","2012","01","03"
"11.64","1.5017182130584192","2012","01","14"
"5.83","1.9965694682675816","2012","01","17"
"9.72","1.4002057613168724","2012","01","20"
"11.64","1.1692439862542954","2012","01","28"
"7.78","1.4961439588688947","2012","01","28"
"3.89","1.4987146529562982","2012","01","28"
"5.83","1.6672384219554033","2012","01","28"
"5.83","1.3344768439108061","2012","02","04"
"5.83","1.3344768439108061","2012","02","04"
"7.78","1.2493573264781492","2012","02","04"
"3.89","2.0","2012","02","04"
"7.78","1.4961439588688947","2012","02","05"
"9.72","1.1975308641975309","2012","02","05"
"5.83","1.3344768439108061","2012","02","07"
"5.83","1.3344768439108061","2012","02","07"
"7.78","1.0","2012","02","07"
"5.83","1.3344768439108061","2012","02","07"
"9.72","1.4002057613168724","2012","02","09"
"5.83","2.334476843910806","2012","02","09"
"1.94","5.010309278350516","2012","02","22"
"1.94","3.0051546391752577","2012","02","22"
"5.83","1.6672384219554033","2012","02","23"
"1.94","3.0051546391752577","2012","02","23"
"1.94","3.0051546391752577","2012","03","05"
"7.78","1.4961439588688947","2012","03","05"
"7.78","1.2493573264781492","2012","03","05"
"5.83","1.3344768439108061","2012","03","05"
"9.72","1.4002057613168724","2012","03","12"
"13.61","1.1410727406318883","2012","03","12"
"13.61","1.1410727406318883","2012","03","12"
"13.61","1.2843497428361499","2012","03","12"
"13.61","1.1410727406318883","2012","03","12"
"9.72","1.5977366255144032","2012","03","15"
"11.64","1.1692439862542954","2012","03","15"
"9.72","1.1975308641975309","2012","03","15"
"9.72","1.1975308641975309","2012","03","17"
"5.83","1.6672384219554033","2012","03","17"
"7.78","1.2493573264781492","2012","03","18"
"11.64","1.3341924398625429","2012","03","19"
"3.89","1.4987146529562982","2012","03","19"
"5.83","1.3344768439108061","2012","03","19"
"3.89","1.4987146529562982","2012","03","19"
"3.89","1.4987146529562982","2012","03","19"
"7.78","1.4961439588688947","2012","03","20"
"9.72","1.1975308641975309","2012","03","20"
"1.94","1.0","2012","03","22"
"7.78","1.4961439588688947","2012","03","23"
"7.78","1.2493573264781492","2012","03","23"
"1.94","2.0051546391752577","2012","03","27"
"11.64","1.1692439862542954","2012","03","29"
"9.72","1.1975308641975309","2012","03","29"
"5.83","1.3344768439108061","2012","04","01"
"9.72","1.1975308641975309","2012","04","01"
"7.78","1.2493573264781492","2012","04","01"
"7.78","1.2493573264781492","2012","04","01"
"5.83","1.3344768439108061","2012","04","01"
"3.89","1.4987146529562982","2012","04","01"
"7.78","1.2493573264781492","2012","04","04"
"7.78","1.4961439588688947","2012","04","04"
"3.89","1.0","2012","04","07"
"3.89","1.4987146529562982","2012","04","11"
"1.94","2.0051546391752577","2012","04","14"
"3.89","1.4987146529562982","2012","04","17"
"1.94","2.0051546391752577","2012","04","17"
"9.72","1.4002057613168724","2012","04","18"
"11.64","1.3341924398625429","2012","04","18"
"7.78","1.2493573264781492","2012","04","18"
"5.83","1.6672384219554033","2012","04","18"
"5.83","1.0","2012","04","18"
"3.89","1.4987146529562982","2012","04","18"
"3.89","1.4987146529562982","2012","04","18"
"1.94","2.0051546391752577","2012","04","18"
"1.94","2.0051546391752577","2012","04","18"
"3.89","1.4987146529562982","2012","04","19"
"3.89","1.4987146529562982","2012","04","19"
"3.89","1.4987146529562982","2012","04","19"
"9.72","1.4002057613168724","2012","04","20"
"9.72","1.1975308641975309","2012","04","20"
"3.89","2.0","2012","04","20"
"7.78","1.2493573264781492","2012","04","25"
"3.89","1.4987146529562982","2012","04","26"
"3.89","1.4987146529562982","2012","04","26"
"3.89","1.4987146529562982","2012","04","27"
"3.89","1.0","2012","04","27"
"3.89","1.4987146529562982","2012","04","27"
"5.83","1.0","2012","04","27"
"5.83","1.0","2012","04","27"
"5.83","1.3344768439108061","2012","04","27"
"5.83","1.3344768439108061","2012","04","27"
"3.89","1.4987146529562982","2012","04","27"
"3.89","1.4987146529562982","2012","04","27"
"1.94","2.0051546391752577","2012","04","27"
"1.94","2.0051546391752577","2012","04","27"
"3.89","1.4987146529562982","2012","05","22"
"3.89","1.0","2012","05","22"
"3.89","1.0","2012","06","03"
"5.83","1.3344768439108061","2012","06","06"
"1.94","2.0051546391752577","2012","06","06"
"1.94","2.0051546391752577","2012","06","06"
"5.83","1.3344768439108061","2012","06","06"
"1.94","2.0051546391752577","2012","06","09"
"3.89","1.4987146529562982","2012","06","10"
"1.94","2.0051546391752577","2012","06","19"
"1.94","1.0","2012","06","20"
"1.94","2.0051546391752577","2012","06","22"
"1.94","2.0051546391752577","2012","06","28"
"3.89","1.4987146529562982","2012","07","08"
"1.94","2.0051546391752577","2012","07","08"
"1.94","2.0051546391752577","2012","07","09"
"5.83","1.0","2012","07","09"
"1.94","2.0051546391752577","2012","07","11"
"7.78","1.4961439588688947","2012","07","19"
"5.83","1.6672384219554033","2012","07","19"
"9.72","1.1975308641975309","2012","07","19"
"11.64","1.3341924398625429","2012","07","19"
"11.64","1.1692439862542954","2012","07","19"
"9.72","1.1975308641975309","2012","07","19"
"9.72","1.1975308641975309","2012","07","19"
"9.72","1.1975308641975309","2012","07","19"
"9.72","1.4002057613168724","2012","07","19"
"5.83","1.3344768439108061","2012","07","19"
"1.94","2.0051546391752577","2012","07","25"
"1.94","2.0051546391752577","2012","07","25"
"5.83","1.6672384219554033","2012","07","27"
"3.89","1.4987146529562982","2012","08","03"
"5.83","1.0","2012","08","03"
"5.83","1.0","2012","08","03"
"5.83","1.0","2012","08","03"
"3.89","1.4987146529562982","2012","08","03"
"3.89","1.0","2012","08","08"
"3.89","1.4987146529562982","2012","08","08"
"3.89","1.4987146529562982","2012","08","08"
"5.83","1.3344768439108061","2012","08","08"
"3.89","1.0","2012","08","13"
"5.83","1.3344768439108061","2012","08","17"
"1.94","1.0","2012","08","22"
"3.89","1.0","2012","08","22"
"3.89","1.0","2012","08","22"
"3.89","1.0","2012","08","22"
"1.94","1.0","2012","08","22"
"1.94","1.0","2012","08","22"
"5.83","1.3344768439108061","2012","09","09"
"3.89","1.4987146529562982","2012","09","10"
"1.94","3.0051546391752577","2012","09","10"
"3.89","2.0","2012","09","11"
"5.83","1.9965694682675816","2012","09","11"
"3.89","1.0","2012","09","21"
"7.78","1.2493573264781492","2012","09","21"
"13.61","1.1410727406318883","2012","10","14"
"11.64","1.1692439862542954","2012","10","19"
"11.64","1.3341924398625429","2012","10","19"
"9.72","1.1975308641975309","2012","10","19"
"9.72","1.1975308641975309","2012","10","19"
"9.72","1.1975308641975309","2012","10","19"
"5.83","1.3344768439108061","2012","10","20"
"13.61","1.2843497428361499","2012","10","20"
"9.72","1.4002057613168724","2012","10","20"
"1.94","2.0051546391752577","2012","10","20"
"1.94","3.0051546391752577","2012","10","20"
"9.72","1.5977366255144032","2012","10","20"
"5.83","1.3344768439108061","2012","10","21"
"5.83","1.6672384219554033","2012","10","21"
"5.83","1.9965694682675816","2012","10","21"
"7.78","1.2493573264781492","2012","10","22"
"1.94","2.0051546391752577","2012","10","24"
"1.94","2.0051546391752577","2012","10","24"
"1.94","2.0051546391752577","2012","10","24"
"1.94","2.0051546391752577","2012","10","24"
"3.89","2.0","2012","10","27"
"3.89","1.4987146529562982","2012","10","27"
"1.94","2.0051546391752577","2012","10","27"
"1.94","2.0051546391752577","2012","10","27"
"17.48","1.333524027459954","2012","11","04"
"11.64","1.5017182130584192","2012","11","04"
"11.64","1.1692439862542954","2012","11","07"
"7.78","1.2493573264781492","2012","11","07"
"11.64","1.3341924398625429","2012","11","21"
"5.83","1.3344768439108061","2012","11","21"
"7.78","1.4961439588688947","2012","11","27"
"7.78","1.2493573264781492","2012","11","27"
"5.83","1.3344768439108061","2012","11","27"
"5.83","1.3344768439108061","2012","11","27"
"3.89","1.4987146529562982","2012","11","27"
"3.89","1.4987146529562982","2012","11","27"
"3.89","1.0","2012","11","27"
"1.94","2.0051546391752577","2012","11","27"
"9.72","1.0","2012","11","27"
"5.83","1.6672384219554033","2012","11","28"
"3.89","2.0","2012","11","28"
"3.89","1.4987146529562982","2012","11","28"
"7.78","1.4961439588688947","2012","11","29"
"3.89","2.0","2012","11","29"
"5.83","1.6672384219554033","2012","12","04"
"7.78","1.2493573264781492","2012","12","04"
"15.53","1.1255634256278173","2012","12","07"
"13.61","1.2843497428361499","2012","12","07"
"1.94","2.0051546391752577","2012","12","12"
"5.83","1.6672384219554033","2012","12","16"
"7.78","1.4961439588688947","2012","12","22"
"7.78","1.4961439588688947","2013","01","10"
"5.83","1.3344768439108061","2013","01","11"
"5.83","1.6672384219554033","2013","01","25"
"5.83","1.6672384219554033","2013","01","25"
"5.83","1.6672384219554033","2013","01","25"
"7.78","1.2493573264781492","2013","01","25"
"9.72","1.1975308641975309","2013","01","25"
"7.78","1.4961439588688947","2013","01","25"
"7.78","1.4961439588688947","2013","01","25"
"5.83","1.3344768439108061","2013","01","25"
"3.89","1.4987146529562982","2013","01","25"
"3.89","1.4987146529562982","2013","01","26"
"3.89","1.4987146529562982","2013","01","31"
"1.94","2.0051546391752577","2013","01","31"
"13.61","1.1410727406318883","2013","02","05"
"11.64","1.1692439862542954","2013","02","05"
"9.72","1.1975308641975309","2013","02","05"
"7.78","1.2493573264781492","2013","02","05"
"7.78","1.2493573264781492","2013","02","05"
"5.83","1.3344768439108061","2013","02","05"
"7.78","1.2493573264781492","2013","02","05"
"5.83","1.3344768439108061","2013","02","05"
"5.83","1.6672384219554033","2013","02","12"
"7.78","1.2493573264781492","2013","02","12"
"15.53","1.3754024468770123","2013","02","15"
"11.64","1.3341924398625429","2013","02","15"
"17.48","1.333524027459954","2013","02","22"
"13.61","1.1410727406318883","2013","02","22"
"3.89","1.4987146529562982","2013","03","04"
"9.72","1.4002057613168724","2013","03","04"
"5.83","1.3344768439108061","2013","03","07"
"7.78","1.2493573264781492","2013","03","12"
"5.83","1.6672384219554033","2013","03","12"
"5.83","1.3344768439108061","2013","03","12"
"5.83","1.3344768439108061","2013","03","17"
"1.94","2.0051546391752577","2013","03","31"
"3.89","1.4987146529562982","2013","04","01"
"3.89","1.4987146529562982","2013","04","01"
"3.89","1.4987146529562982","2013","04","04"
"5.83","1.3344768439108061","2013","04","04"
"5.83","1.3344768439108061","2013","04","04"
"5.83","1.3344768439108061","2013","04","04"
"7.78","1.2493573264781492","2013","04","04"
"7.78","1.2493573264781492","2013","04","04"
"7.78","1.2493573264781492","2013","04","04"
"9.72","1.0","2013","04","04"
"7.78","1.2493573264781492","2013","04","04"
"7.78","1.2493573264781492","2013","04","04"
"7.78","1.2493573264781492","2013","04","04"
"7.78","1.2493573264781492","2013","04","04"
"7.78","1.2493573264781492","2013","04","04"
"3.89","1.4987146529562982","2013","04","04"
"1.94","2.0051546391752577","2013","04","04"
"3.89","1.4987146529562982","2013","04","06"
"3.89","1.4987146529562982","2013","04","06"
"5.83","1.3344768439108061","2013","04","06"
"5.83","1.0","2013","04","06"
"5.83","1.0","2013","04","06"
"5.83","1.3344768439108061","2013","04","06"
"13.61","1.5694342395297576","2013","04","12"
"3.89","1.4987146529562982","2013","04","19"
"1.94","1.0","2013","04","20"
"5.83","1.3344768439108061","2013","04","20"
"3.89","1.4987146529562982","2013","04","20"
"5.83","1.0","2013","04","21"
"3.89","1.0","2013","04","21"
"5.83","1.0","2013","04","26"
"13.61","1.2843497428361499","2013","04","26"
"9.72","1.1975308641975309","2013","04","26"
"5.83","1.6672384219554033","2013","04","28"
"9.72","1.4002057613168724","2013","04","28"
"1.94","1.0","2013","05","09"
"3.89","1.0","2013","05","09"
"1.94","2.0051546391752577","2013","05","09"
"5.83","1.0","2013","05","10"
"5.83","1.3344768439108061","2013","05","10"
"7.78","1.2493573264781492","2013","05","11"
"1.94","2.0051546391752577","2013","05","26"
"3.89","1.0","2013","05","26"
"3.89","1.0","2013","05","26"
"3.89","1.4987146529562982","2013","05","26"
"5.83","1.3344768439108061","2013","05","27"
"3.89","1.4987146529562982","2013","06","01"
"3.89","1.0","2013","06","01"
"5.83","1.3344768439108061","2013","06","01"
"5.83","1.0","2013","06","01"
"3.89","1.0","2013","06","01"
"3.89","1.4987146529562982","2013","06","01"
"1.94","2.0051546391752577","2013","06","01"
"3.89","1.4987146529562982","2013","06","02"
"1.94","2.0051546391752577","2013","06","03"
"1.94","3.0051546391752577","2013","06","08"
"5.83","1.3344768439108061","2013","06","08"
"5.83","1.3344768439108061","2013","06","08"
"3.89","1.4987146529562982","2013","06","08"
"5.83","1.6672384219554033","2013","06","17"
"3.89","2.0","2013","06","17"
"3.89","1.4987146529562982","2013","06","23"
"7.78","1.2493573264781492","2013","06","24"
"9.72","1.1975308641975309","2013","06","24"
"9.72","1.1975308641975309","2013","06","24"
"7.78","1.2493573264781492","2013","06","24"
"9.72","1.1975308641975309","2013","06","24"
"9.72","1.0","2013","06","24"
"1.94","3.0051546391752577","2013","06","24"
"1.94","2.0051546391752577","2013","06","24"
"3.89","1.0","2013","06","26"
"1.94","2.0051546391752577","2013","06","26"
"1.94","1.0","2013","06","27"
"1.94","1.0","2013","06","27"
"5.83","1.0","2013","06","28"
"1.94","2.0051546391752577","2013","06","28"
"1.94","2.0051546391752577","2013","06","28"
"3.89","1.0","2013","06","28"
"7.78","1.0","2013","06","30"
"5.83","1.3344768439108061","2013","06","30"
"3.89","1.4987146529562982","2013","06","30"
"3.89","1.0","2013","06","30"
"3.89","1.4987146529562982","2013","06","30"
"1.94","2.0051546391752577","2013","07","18"
"3.89","1.0","2013","08","03"
"1.94","2.0051546391752577","2013","08","03"
"1.94","2.0051546391752577","2013","08","05"
"1.94","1.0","2013","08","06"
"1.94","1.0","2013","08","07"
"3.89","1.0","2013","08","13"
"1.94","1.0","2013","08","14"
"3.89","1.4987146529562982","2013","08","27"
"3.89","1.4987146529562982","2013","08","27"
"7.78","1.0","2013","08","30"
"5.83","1.6672384219554033","2013","08","30"
"3.89","1.4987146529562982","2013","08","30"
"5.83","1.3344768439108061","2013","08","30"
"3.89","1.0","2013","08","30"
"1.94","2.0051546391752577","2013","08","30"
"1.94","2.0051546391752577","2013","08","30"
"1.94","2.0051546391752577","2013","08","30"
"1.94","2.0051546391752577","2013","09","03"
"3.89","1.4987146529562982","2013","09","13"
"3.89","1.4987146529562982","2013","09","14"
"5.83","1.3344768439108061","2013","09","14"
"7.78","1.0","2013","09","14"
"5.83","1.3344768439108061","2013","09","14"
"3.89","1.4987146529562982","2013","09","14"
"3.89","1.4987146529562982","2013","09","14"
"1.94","2.0051546391752577","2013","09","15"
"5.83","1.0","2013","09","16"
"9.72","1.1975308641975309","2013","09","19"
"7.78","1.4961439588688947","2013","09","19"
"9.72","1.1975308641975309","2013","09","19"
"7.78","1.2493573264781492","2013","09","19"
"7.78","1.749357326478149","2013","09","19"
"7.78","1.2493573264781492","2013","09","19"
"9.72","1.1975308641975309","2013","09","20"
"11.64","1.3341924398625429","2013","09","20"
"15.53","1.2504829362524148","2013","09","20"
"15.53","1.2504829362524148","2013","09","20"
"9.72","1.7983539094650205","2013","09","20"
"13.61","1.2843497428361499","2013","09","20"
"13.61","1.4268919911829538","2013","09","20"
"7.78","1.4961439588688947","2013","09","29"
"9.72","1.1975308641975309","2013","09","29"
"11.64","1.1692439862542954","2013","09","29"
"1.94","2.0051546391752577","2013","09","30"
"1.94","2.0051546391752577","2013","09","30"
"3.89","1.4987146529562982","2013","09","30"
"3.89","1.4987146529562982","2013","09","30"
"1.94","1.0","2013","09","30"
"1.94","2.0051546391752577","2013","10","01"
"1.94","3.0051546391752577","2013","10","01"
"3.89","1.4987146529562982","2013","10","01"
"3.89","1.0","2013","10","01"
"3.89","1.4987146529562982","2013","10","01"
"1.94","2.0051546391752577","2013","10","15"
"9.72","1.1975308641975309","2013","10","22"
"7.78","1.2493573264781492","2013","10","22"
"17.48","1.333524027459954","2013","11","06"
"13.61","1.2843497428361499","2013","11","06"
"15.53","1.2504829362524148","2013","11","06"
"11.64","1.1692439862542954","2013","11","06"
"9.72","1.4002057613168724","2013","11","06"
"9.72","1.4002057613168724","2013","11","07"
"11.64","1.5017182130584192","2013","11","16"
"7.78","1.4961439588688947","2013","11","16"
"9.72","1.4002057613168724","2013","11","17"
"7.78","1.749357326478149","2013","11","17"
"11.64","1.1692439862542954","2013","11","20"
"3.89","2.0","2013","11","20"
"5.83","1.3344768439108061","2013","11","24"
"5.83","1.3344768439108061","2013","11","25"
"7.78","1.4961439588688947","2013","11","25"
"9.72","1.1975308641975309","2013","11","25"
"15.53","1.5009658725048294","2013","12","01"
"5.83","1.6672384219554033","2013","12","01"
"3.89","1.4987146529562982","2013","12","05"
"1.94","2.0051546391752577","2013","12","05"
"1.94","2.0051546391752577","2013","12","06"
"1.94","1.0","2015","07","04"
"1.94","2.0051546391752577","2015","07","10"
"3.89","1.0","2015","07","10"
"1.94","1.0","2015","07","12"
"1.94","1.0","2015","07","12"
"9.72","1.1975308641975309","2015","07","14"
"13.61","1.1410727406318883","2015","07","15"
"13.61","1.2843497428361499","2015","07","15"
"3.89","1.4987146529562982","2015","08","07"
"3.89","1.4987146529562982","2015","08","07"
"3.89","1.4987146529562982","2015","08","07"
"1.94","2.0051546391752577","2015","08","07"
"3.89","1.4987146529562982","2015","08","12"
"3.89","1.4987146529562982","2015","08","29"
"5.83","1.3344768439108061","2015","08","29"
"7.78","1.4961439588688947","2015","08","29"
"5.83","1.0","2015","09","01"
"1.94","2.0051546391752577","2015","09","01"
"1.94","1.0","2015","09","04"
"5.83","1.3344768439108061","2015","09","08"
"3.89","1.0","2015","09","19"
"1.94","2.0051546391752577","2015","09","22"
"9.72","1.4002057613168724","2015","09","23"
"7.78","1.2493573264781492","2015","09","23"
"7.78","1.4961439588688947","2015","09","23"
"7.78","1.4961439588688947","2015","09","23"
"7.78","1.2493573264781492","2015","09","23"
"1.94","2.0051546391752577","2015","09","25"
"5.83","1.3344768439108061","2015","09","25"
"1.94","1.0","2015","09","27"
"5.83","1.0","2015","10","04"
"5.83","1.3344768439108061","2015","10","04"
"1.94","1.0","2015","10","04"
"1.94","1.0","2015","10","06"
"3.89","1.0","2015","10","07"
"3.89","1.4987146529562982","2015","10","07"
"3.89","1.4987146529562982","2015","10","07"
"3.89","1.0","2015","10","07"
"3.89","1.4987146529562982","2015","10","07"
"5.83","1.0","2015","10","07"
"7.78","1.0","2015","10","07"
"1.94","2.0051546391752577","2015","10","23"
"5.83","1.3344768439108061","2015","10","26"
"3.89","1.0","2015","10","26"
"3.89","1.4987146529562982","2015","10","26"
"5.83","1.0","2015","10","26"
"7.78","1.2493573264781492","2015","10","27"
"7.78","1.2493573264781492","2015","10","30"
"5.83","1.3344768439108061","2015","10","31"
"3.89","2.4987146529562985","2015","11","08"
"9.72","1.4002057613168724","2015","11","15"
"3.89","2.0","2015","11","19"
"3.89","1.4987146529562982","2015","11","23"
"1.94","2.0051546391752577","2015","11","23"
"3.89","2.0","2015","11","23"
"1.94","2.0051546391752577","2015","11","24"
"3.89","1.0","2015","11","24"
"3.89","1.4987146529562982","2015","11","24"
"15.53","1.2504829362524148","2015","12","05"
"9.72","1.4002057613168724","2015","12","05"
"9.72","1.1975308641975309","2015","12","05"
"9.72","1.4002057613168724","2015","12","05"
"3.89","2.0","2015","12","06"
"5.83","1.6672384219554033","2015","12","06"
"3.89","1.4987146529562982","2015","12","13"
"5.83","1.3344768439108061","2015","12","16"
"5.83","1.3344768439108061","2015","12","22"
"5.83","1.6672384219554033","2016","01","03"
"5.83","1.6672384219554033","2016","01","03"
"3.89","1.4987146529562982","2016","01","05"
"3.89","1.4987146529562982","2016","01","07"
"13.61","1.2843497428361499","2016","01","13"
"17.48","1.110983981693364","2016","01","14"
"19.42","1.2003089598352212","2016","01","14"
"11.64","1.5017182130584192","2016","01","14"
"13.61","1.2843497428361499","2016","01","14"
"11.64","1.5017182130584192","2016","01","14"
"11.64","1.1692439862542954","2016","01","14"
"15.53","1.2504829362524148","2016","01","14"
"11.64","1.3341924398625429","2016","01","14"
"9.72","1.1975308641975309","2016","01","14"
"9.72","1.1975308641975309","2016","01","14"
"15.53","1.2504829362524148","2016","01","17"
"11.64","1.5017182130584192","2016","01","17"
"13.61","1.2843497428361499","2016","01","19"
"13.61","1.2843497428361499","2016","01","19"
"7.78","1.4961439588688947","2016","01","29"
"3.89","1.4987146529562982","2016","01","30"
"1.94","4.010309278350515","2016","01","30"
"5.83","1.3344768439108061","2016","02","01"
"3.89","1.4987146529562982","2016","02","01"
"9.72","1.4002057613168724","2016","02","06"
"13.61","1.2843497428361499","2016","02","06"
"7.78","1.4961439588688947","2016","02","08"
"7.78","1.2493573264781492","2016","02","09"
"3.89","1.4987146529562982","2016","02","10"
"7.78","1.2493573264781492","2016","02","15"
"7.78","1.2493573264781492","2016","02","15"
"5.83","1.3344768439108061","2016","02","15"
"3.89","1.4987146529562982","2016","02","18"
"5.83","1.3344768439108061","2016","02","18"
"7.78","1.4961439588688947","2016","02","19"
"7.78","1.4961439588688947","2016","02","22"
"5.83","1.6672384219554033","2016","02","29"
"3.89","1.4987146529562982","2016","03","02"
"3.89","2.0","2016","03","02"
"3.89","1.0","2016","03","02"
"9.72","1.1975308641975309","2016","03","02"
"7.78","1.4961439588688947","2016","03","02"
"3.89","1.4987146529562982","2016","03","03"
"1.94","2.0051546391752577","2016","03","03"
"17.48","1.333524027459954","2016","03","03"
"11.64","1.3341924398625429","2016","03","04"
"9.72","1.5977366255144032","2016","03","04"
"3.89","1.4987146529562982","2016","03","06"
"3.89","1.4987146529562982","2016","03","06"
"11.64","1.5017182130584192","2016","03","06"
"5.83","1.6672384219554033","2016","03","13"
"13.61","1.2843497428361499","2016","03","13"
"13.61","1.1410727406318883","2016","03","15"
"5.83","1.3344768439108061","2016","03","21"
"3.89","1.4987146529562982","2016","03","21"
"3.89","1.0","2016","03","21"
"1.94","2.0051546391752577","2016","03","21"
"1.94","2.0051546391752577","2016","03","31"
"3.89","1.4987146529562982","2016","03","31"
"1.94","2.0051546391752577","2016","04","03"
"3.89","1.4987146529562982","2016","04","03"
"3.89","1.4987146529562982","2016","04","03"
"3.89","1.4987146529562982","2016","04","03"
"5.83","1.3344768439108061","2016","04","04"
"9.72","1.4002057613168724","2016","04","12"
"5.83","1.6672384219554033","2016","04","17"
"7.78","1.2493573264781492","2016","04","17"
"1.94","2.0051546391752577","2016","04","21"
"5.83","1.0","2016","04","22"
"5.83","1.3344768439108061","2016","04","22"
"7.78","1.0","2016","04","23"
"1.94","2.0051546391752577","2016","05","08"
"3.89","1.4987146529562982","2016","05","14"
"1.94","2.0051546391752577","2016","05","14"
"3.89","1.4987146529562982","2016","05","15"
"1.94","1.0","2016","05","26"
"11.64","1.3341924398625429","2016","06","01"
"3.89","1.0","2016","06","03"
"5.83","1.3344768439108061","2016","06","03"
"5.83","1.3344768439108061","2016","06","03"
"3.89","1.4987146529562982","2016","06","03"
"9.72","1.1975308641975309","2016","06","03"
"13.61","1.2843497428361499","2016","06","03"
"7.78","1.4961439588688947","2016","06","05"
"3.89","1.0","2016","06","21"
"5.83","1.3344768439108061","2016","07","02"
"9.72","1.1975308641975309","2016","07","02"
"5.83","1.3344768439108061","2016","07","02"
"17.48","1.2219679633867275","2016","07","02"
"3.89","1.4987146529562982","2016","08","03"
"3.89","1.0","2016","08","04"
"1.94","2.0051546391752577","2016","08","17"
"3.89","1.0","2016","08","27"
"3.89","1.4987146529562982","2016","08","28"
"1.94","1.0","2016","08","28"
"3.89","1.4987146529562982","2016","08","28"
"3.89","2.0","2016","08","28"
"3.89","1.0","2016","08","29"
"3.89","2.0","2016","08","30"
"5.83","1.3344768439108061","2016","08","30"
"3.89","1.4987146529562982","2016","08","30"
"7.78","1.2493573264781492","2016","09","19"
"7.78","1.2493573264781492","2016","09","19"
"7.78","1.2493573264781492","2016","09","25"
"1.94","2.0051546391752577","2016","09","27"
"3.89","2.0","2016","09","27"
"5.83","1.3344768439108061","2016","09","27"
"9.72","1.1975308641975309","2016","09","28"
"11.64","1.3341924398625429","2016","10","03"
"3.89","1.4987146529562982","2016","10","06"
"5.83","1.3344768439108061","2016","10","08"
"5.83","1.3344768439108061","2016","10","08"
"3.89","1.4987146529562982","2016","10","08"
"1.94","2.0051546391752577","2016","10","08"
"3.89","1.4987146529562982","2016","10","11"
"13.61","1.2843497428361499","2016","10","13"
"5.83","1.6672384219554033","2016","10","13"
"5.83","1.3344768439108061","2016","10","13"
"5.83","1.3344768439108061","2016","10","14"
"5.83","1.3344768439108061","2016","10","14"
"5.83","1.3344768439108061","2016","10","14"
"7.78","1.749357326478149","2016","10","15"
"3.89","1.4987146529562982","2016","10","16"
"3.89","1.4987146529562982","2016","10","25"
"7.78","1.2493573264781492","2016","10","26"
"7.78","1.4961439588688947","2016","10","26"
"7.78","1.2493573264781492","2016","10","26"
"5.83","1.3344768439108061","2016","10","27"
"7.78","1.2493573264781492","2016","10","27"
"5.83","1.3344768439108061","2016","10","27"
"7.78","1.4961439588688947","2016","11","02"
"9.72","1.4002057613168724","2016","11","04"
"27.19","1.2147848473703566","2016","11","05"
"1.94","2.0051546391752577","2016","11","06"
"1.94","2.0051546391752577","2016","11","06"
"3.89","1.4987146529562982","2016","11","06"
"3.89","1.4987146529562982","2016","11","06"
"7.78","1.4961439588688947","2016","11","17"
"7.78","1.4961439588688947","2016","11","18"
"13.61","1.2843497428361499","2016","11","18"
"9.72","1.1975308641975309","2016","11","24"
"11.64","1.1692439862542954","2016","11","24"
"9.72","1.1975308641975309","2016","11","24"
"5.83","1.6672384219554033","2016","11","25"
"9.72","1.4002057613168724","2016","11","25"
"15.53","1.2504829362524148","2016","11","27"
"19.42","1.2003089598352212","2016","11","27"
"9.72","1.4002057613168724","2016","12","08"
"5.83","1.6672384219554033","2016","12","11"
"7.78","1.2493573264781492","2016","12","14"
"5.83","1.6672384219554033","2016","12","23"
"7.78","1.4961439588688947","2016","12","28"
"13.61","1.4268919911829538","2016","12","31"
"3.89","2.0","2017","01","01"
"1.94","2.0051546391752577","2017","01","03"
"7.78","1.4961439588688947","2017","01","05"
"11.64","1.3341924398625429","2017","01","06"
"13.61","1.5694342395297576","2017","01","06"
"15.53","1.3754024468770123","2017","01","06"
"9.72","1.4002057613168724","2017","01","06"
"11.64","1.668384879725086","2017","01","06"
"17.48","1.333524027459954","2017","01","07"
"15.53","1.2504829362524148","2017","01","07"
"17.48","1.444508009153318","2017","01","07"
"11.64","1.3341924398625429","2017","01","07"
"5.83","1.3344768439108061","2017","01","21"
"7.78","1.2493573264781492","2017","01","22"
"5.83","1.3344768439108061","2017","01","22"
"9.72","1.1975308641975309","2017","08","23"
"7.78","1.2493573264781492","2017","08","23"
"3.89","1.4987146529562982","2017","08","23"
"1.94","1.0","2017","08","23"
"1.94","2.0051546391752577","2017","09","03"
"3.89","1.4987146529562982","2017","09","03"
"3.89","1.4987146529562982","2017","09","11"
"7.78","1.4961439588688947","2017","10","07"
"1.94","2.0051546391752577","2017","10","08"
"5.83","1.3344768439108061","2017","10","11"
"3.89","1.4987146529562982","2017","10","19"
"3.89","2.0","2017","10","19"
"9.72","1.5977366255144032","2017","10","21"
"3.89","2.4987146529562985","2017","10","21"
"3.89","1.0","2017","10","22"
"15.53","1.3754024468770123","2017","10","22"
"5.83","1.6672384219554033","2017","10","22"
"11.64","1.3341924398625429","2017","10","23"
"7.78","1.4961439588688947","2017","11","01"
"3.89","1.4987146529562982","2017","11","01"
"1.94","2.0051546391752577","2017","11","01"
"3.89","1.4987146529562982","2017","11","04"
"13.61","1.5694342395297576","2017","11","07"
"17.48","1.6670480549199085","2017","11","07"
"13.61","1.855253490080823","2017","11","07"
"9.72","1.4002057613168724","2017","11","18"
"3.89","2.0","2017","11","26"
"5.83","1.3344768439108061","2017","12","15"
"13.61","1.2843497428361499","2017","12","18"
"7.78","1.4961439588688947","2017","12","18"
"1.94","2.0051546391752577","2017","12","21"
"1.94","1.0","2017","12","22"
"5.83","1.0","2017","12","22"
"3.89","1.4987146529562982","2017","12","22"
"7.78","1.2493573264781492","2017","12","23"
"5.83","1.3344768439108061","2017","12","23"
"7.78","1.2493573264781492","2017","12","23"
"9.72","1.1975308641975309","2017","12","23"
"9.72","1.1975308641975309","2017","12","23"
"3.89","1.4987146529562982","2017","12","24"
"3.89","1.4987146529562982","2017","12","24"
"3.89","1.4987146529562982","2017","12","24"
"5.83","1.6672384219554033","2018","01","04"
"5.83","1.3344768439108061","2018","01","04"
"3.89","2.0","2018","01","04"
"3.89","2.0","2018","01","07"
"7.78","1.2493573264781492","2018","01","20"
"5.83","1.3344768439108061","2018","01","20"
"7.78","1.2493573264781492","2018","01","20"
"7.78","1.2493573264781492","2018","01","20"
"7.78","1.2493573264781492","2018","01","20"
"7.78","1.2493573264781492","2018","01","20"
"7.78","1.2493573264781492","2018","01","20"
"15.53","1.2504829362524148","2018","01","24"
"9.72","1.0","2018","01","24"
"9.72","1.4002057613168724","2018","01","29"
"7.78","1.9961439588688945","2018","02","03"
"11.64","1.3341924398625429","2018","02","03"
"7.78","1.4961439588688947","2018","02","11"
"5.83","1.6672384219554033","2018","02","11"
"5.83","1.3344768439108061","2018","02","18"
"1.94","1.0","2018","02","19"
"3.89","1.4987146529562982","2018","02","22"
"7.78","1.749357326478149","2018","02","28"
"15.53","1.2504829362524148","2018","02","28"
"5.83","1.3344768439108061","2018","03","01"
"1.94","2.0051546391752577","2018","03","03"
"1.94","1.0","2018","03","03"
"3.89","1.4987146529562982","2018","03","04"
"9.72","1.4002057613168724","2018","03","12"
"9.72","1.1975308641975309","2018","03","12"
"3.89","2.4987146529562985","2018","03","13"
"7.78","1.2493573264781492","2018","03","13"
"3.89","1.4987146529562982","2018","03","15"
"1.94","2.0051546391752577","2018","03","20"
"11.64","1.3341924398625429","2018","03","21"
"7.78","1.4961439588688947","2018","03","21"
"3.89","1.0","2018","03","29"
"1.94","2.0051546391752577","2018","03","29"
"3.89","1.0","2018","03","29"
"3.89","2.0","2018","04","02"
"15.53","1.2504829362524148","2018","04","05"
"7.78","1.2493573264781492","2018","04","06"
"5.83","1.3344768439108061","2018","04","06"
"13.61","1.855253490080823","2018","04","06"
"7.78","1.2493573264781492","2018","04","06"
"1.94","2.0051546391752577","2018","04","08"
"3.89","1.0","2018","04","08"
"11.64","1.3341924398625429","2018","04","11"
"11.64","1.1692439862542954","2018","04","11"
"15.53","1.2504829362524148","2018","04","12"
"13.61","1.2843497428361499","2018","04","12"
"5.83","1.3344768439108061","2018","04","14"
"3.89","1.0","2018","04","16"
"1.94","1.0","2018","04","17"
"5.83","1.3344768439108061","2018","04","21"
"3.89","1.4987146529562982","2018","04","21"
"5.83","1.3344768439108061","2018","05","09"
"3.89","1.4987146529562982","2018","05","09"
"1.94","2.0051546391752577","2018","05","09"
"1.94","2.0051546391752577","2018","05","31"
"1.94","2.0051546391752577","2018","06","01"
"5.83","1.6672384219554033","2018","06","05"
"5.83","1.3344768439108061","2018","06","06"
"5.83","1.0","2018","06","12"
"3.89","1.4987146529562982","2018","06","23"
"3.89","1.0","2018","06","26"
"1.94","1.0","2018","07","24"
"1.94","2.0051546391752577","2018","07","25"
"3.89","1.4987146529562982","2018","07","25"
"3.89","1.4987146529562982","2018","08","05"
"3.89","1.4987146529562982","2018","08","05"
"5.83","1.3344768439108061","2018","08","05"
"3.89","1.4987146529562982","2018","08","11"
"1.94","2.0051546391752577","2018","08","11"
"1.94","2.0051546391752577","2018","08","15"
"3.89","1.0","2018","08","18"
"1.94","2.0051546391752577","2018","08","18"
"1.94","2.0051546391752577","2018","08","18"
"1.94","2.0051546391752577","2018","08","27"
"1.94","1.0","2018","08","27"
"1.94","2.0051546391752577","2018","08","30"
"3.89","1.4987146529562982","2018","08","30"
"3.89","1.0","2018","08","30"
"1.94","2.0051546391752577","2018","09","05"
"3.89","1.4987146529562982","2018","09","05"
"1.94","1.0","2018","09","05"
"7.78","1.2493573264781492","2018","09","08"
"7.78","1.0","2018","09","08"
"1.94","2.0051546391752577","2018","09","08"
"3.89","1.4987146529562982","2018","09","08"
"5.83","1.0","2018","09","08"
"3.89","1.4987146529562982","2018","09","09"
"11.64","1.1692439862542954","2018","09","09"
"3.89","1.4987146529562982","2018","09","09"
"1.94","1.0","2018","09","12"
"3.89","1.4987146529562982","2018","09","14"
"3.89","1.4987146529562982","2018","09","14"
"1.94","2.0051546391752577","2018","09","15"
"1.94","1.0","2018","09","16"
"1.94","1.0","2018","09","17"
"3.89","1.4987146529562982","2018","09","17"
"5.83","1.0","2018","09","17"
"3.89","1.4987146529562982","2018","09","17"
"5.83","1.3344768439108061","2018","09","17"
"5.83","1.3344768439108061","2018","09","17"
"5.83","1.3344768439108061","2018","09","17"
"1.94","2.0051546391752577","2018","09","18"
"1.94","2.0051546391752577","2018","09","18"
"7.78","1.2493573264781492","2018","09","18"
"5.83","1.0","2018","09","18"
"3.89","1.4987146529562982","2018","09","18"
"5.83","1.0","2018","09","18"
"7.78","1.2493573264781492","2018","09","18"
"1.94","2.0051546391752577","2018","09","27"
"1.94","2.0051546391752577","2018","09","27"
"1.94","2.0051546391752577","2018","09","27"
"1.94","2.0051546391752577","2018","09","27"
"1.94","2.0051546391752577","2018","10","06"
"9.72","1.1975308641975309","2018","10","08"
"9.72","1.1975308641975309","2018","10","08"
"1.94","2.0051546391752577","2018","10","28"
"11.64","1.3341924398625429","2018","11","01"
"9.72","1.1975308641975309","2018","11","01"
"13.61","1.4268919911829538","2018","11","01"
"19.42","1.2003089598352212","2018","11","01"
"5.83","2.334476843910806","2018","11","01"
"1.94","4.010309278350515","2018","11","01"
"5.83","1.6672384219554033","2018","11","02"
"7.78","1.2493573264781492","2018","11","04"
"15.53","1.2504829362524148","2018","11","04"
"11.64","1.3341924398625429","2018","11","04"
"1.94","4.010309278350515","2018","11","05"
"5.83","1.3344768439108061","2018","11","06"
"1.94","3.0051546391752577","2018","11","06"
"1.94","2.0051546391752577","2018","11","06"
"7.78","1.4961439588688947","2018","11","15"
"9.72","1.5977366255144032","2018","11","15"
"5.83","1.6672384219554033","2018","11","15"
"1.94","2.0051546391752577","2018","11","15"
"3.89","1.4987146529562982","2018","11","20"
"7.78","1.2493573264781492","2018","11","30"
"3.89","1.4987146529562982","2018","12","01"
"3.89","1.4987146529562982","2018","12","01"
"1.94","3.0051546391752577","2018","12","01"
"1.94","2.0051546391752577","2018","12","01"
"3.89","2.0","2018","12","03"
"3.89","2.0","2018","12","03"
"3.89","1.4987146529562982","2018","12","03"
"7.78","1.4961439588688947","2018","12","06"
"5.83","1.6672384219554033","2018","12","14"
"9.72","1.5977366255144032","2018","12","14"
"7.78","1.4961439588688947","2018","12","14"
"3.89","1.4987146529562982","2018","12","15"
"3.89","2.4987146529562985","2018","12","15"
"5.83","1.6672384219554033","2018","12","15"
"7.78","1.4961439588688947","2018","12","15"
"15.53","1.3754024468770123","2018","12","19"
"3.89","1.4987146529562982","2018","12","19"
"1.94","2.0051546391752577","2018","12","20"
"27.19","1.2147848473703566","2018","12","26"
"27.19","1.2147848473703566","2018","12","27"
"23.31","1.1664521664521665","2018","12","27"
"9.72","1.5977366255144032","2018","12","27"
"5.83","1.3344768439108061","2018","12","27"
"3.89","1.4987146529562982","2018","12","29"
"5.83","1.3344768439108061","2019","01","04"
"1.94","2.0051546391752577","2019","01","04"
"3.89","2.0","2019","01","04"
"1.94","2.0051546391752577","2019","01","05"
"1.94","2.0051546391752577","2019","01","09"
"5.83","1.0","2019","01","13"
"3.89","1.4987146529562982","2019","01","13"
"5.83","1.3344768439108061","2019","01","13"
"19.42","1.2003089598352212","2019","01","14"
"11.64","1.3341924398625429","2019","01","14"
"1.94","2.0051546391752577","2019","01","17"
"7.78","1.2493573264781492","2019","01","22"
"7.78","1.2493573264781492","2019","01","26"
"5.83","1.6672384219554033","2019","01","26"
"11.64","1.3341924398625429","2019","01","26"
"13.61","1.4268919911829538","2019","01","26"
"9.72","1.5977366255144032","2019","01","26"
"3.89","2.0","2019","01","27"
"3.89","2.0","2019","01","27"
"5.83","1.3344768439108061","2019","01","31"
"9.72","1.5977366255144032","2019","02","02"
"5.83","1.3344768439108061","2019","02","04"
"3.89","2.4987146529562985","2019","02","09"
"1.94","2.0051546391752577","2019","02","10"
"3.89","2.0","2019","02","10"
"3.89","1.4987146529562982","2019","02","10"
"3.89","1.4987146529562982","2019","02","10"
"3.89","1.4987146529562982","2019","02","10"
"11.64","1.3341924398625429","2019","02","11"
"5.83","2.9982847341337906","2019","02","22"
"7.78","1.4961439588688947","2019","03","05"
"1.94","3.0051546391752577","2019","03","11"
"7.78","1.749357326478149","2019","03","12"
"1.94","3.0051546391752577","2019","03","14"
"5.83","1.3344768439108061","2019","03","23"
"5.83","1.6672384219554033","2019","03","23"
"5.83","1.3344768439108061","2019","03","23"
"3.89","2.0","2019","03","23"
"5.83","1.6672384219554033","2019","03","23"
"1.94","3.0051546391752577","2019","03","23"
"1.94","2.0051546391752577","2019","03","23"
"3.89","2.0","2019","03","23"
"5.83","1.3344768439108061","2019","03","23"
"3.89","1.4987146529562982","2019","03","27"
"3.89","1.0","2019","03","27"
"3.89","1.4987146529562982","2019","03","27"
"3.89","1.0","2019","03","27"
"1.94","1.0","2019","03","27"
"3.89","1.4987146529562982","2019","03","27"
"1.94","2.0051546391752577","2019","03","27"
"1.94","1.0","2019","03","27"
"9.72","1.1975308641975309","2019","04","07"
"7.78","1.2493573264781492","2019","04","07"
"7.78","1.2493573264781492","2019","04","07"
"9.72","1.4002057613168724","2019","04","16"
"7.78","1.9961439588688945","2019","04","16"
"7.78","1.4961439588688947","2019","04","17"
"5.83","1.3344768439108061","2019","04","17"
"1.94","2.0051546391752577","2019","04","24"
"5.83","1.3344768439108061","2019","05","05"
"3.89","1.0","2019","05","10"
"3.89","1.4987146529562982","2019","05","14"
"1.94","2.0051546391752577","2019","05","14"
"1.94","2.0051546391752577","2019","05","14"
"5.83","1.3344768439108061","2019","05","15"
"5.83","1.0","2019","05","15"
"7.78","1.0","2019","05","15"
"7.78","1.0","2019","05","15"
"5.83","1.3344768439108061","2019","05","16"
"5.83","1.3344768439108061","2019","05","16"
"5.83","1.3344768439108061","2019","05","16"
"5.83","1.0","2019","05","16"
"5.83","1.3344768439108061","2019","05","16"
"5.83","1.3344768439108061","2019","05","16"
"1.94","2.0051546391752577","2019","05","16"
"3.89","1.0","2019","05","16"
"1.94","2.0051546391752577","2019","05","16"
"5.83","1.0","2019","05","17"
"5.83","1.0","2019","05","18"
"5.83","1.3344768439108061","2019","05","18"
"5.83","1.3344768439108061","2019","05","18"
"5.83","1.6672384219554033","2019","05","19"
"1.94","2.0051546391752577","2019","05","19"
"1.94","2.0051546391752577","2019","05","24"
"3.89","1.4987146529562982","2019","05","31"
"9.72","1.1975308641975309","2019","06","09"
"7.78","1.2493573264781492","2019","06","09"
"5.83","1.3344768439108061","2019","06","09"
"5.83","1.3344768439108061","2019","06","09"
"3.89","1.4987146529562982","2019","06","10"
"1.94","2.0051546391752577","2019","06","10"
"3.89","2.0","2019","06","14"
"1.94","2.0051546391752577","2019","06","29"
"1.94","2.0051546391752577","2019","07","08"
"3.89","1.4987146529562982","2019","07","12"
"1.94","2.0051546391752577","2019","07","13"
"1.94","2.0051546391752577","2019","07","17"
"3.89","1.4987146529562982","2019","07","23"
"3.89","1.0","2019","07","24"
"3.89","1.0","2019","07","24"
"3.89","1.4987146529562982","2019","07","24"
"5.83","1.0","2019","07","25"
"7.78","1.0","2019","07","25"
"5.83","1.0","2019","07","25"
"3.89","1.4987146529562982","2019","07","25"
"5.83","1.0","2019","07","26"
"9.72","1.1975308641975309","2019","07","26"
"11.64","1.1692439862542954","2019","07","26"
"11.64","1.1692439862542954","2019","07","26"
"11.64","1.1692439862542954","2019","07","26"
"11.64","1.1692439862542954","2019","07","26"
"9.72","1.1975308641975309","2019","07","26"
"9.72","1.1975308641975309","2019","07","26"
"9.72","1.0","2019","07","26"
"7.78","1.2493573264781492","2019","07","26"
"7.78","1.0","2019","07","26"
"7.78","1.0","2019","07","26"
"5.83","1.3344768439108061","2019","07","26"
"3.89","1.4987146529562982","2019","07","26"
"3.89","1.4987146529562982","2019","07","26"
"1.94","2.0051546391752577","2019","07","26"
"3.89","1.4987146529562982","2019","07","30"
"3.89","1.4987146529562982","2019","07","30"
"3.89","1.4987146529562982","2019","07","30"
"5.83","1.3344768439108061","2019","07","30"
"1.94","1.0","2019","08","04"
"1.94","2.0051546391752577","2019","08","07"
"1.94","2.0051546391752577","2019","08","07"
"3.89","1.0","2019","08","08"
"3.89","1.4987146529562982","2019","08","08"
"3.89","1.0","2019","08","09"
"3.89","1.0","2019","08","09"
"1.94","1.0","2019","08","09"
"3.89","1.4987146529562982","2019","08","09"
"3.89","1.0","2019","08","09"
"1.94","2.0051546391752577","2019","08","10"
"1.94","1.0","2019","08","11"
"3.89","1.0","2019","08","12"
"3.89","1.0","2019","08","12"
"3.89","1.4987146529562982","2019","08","12"
"3.89","1.0","2019","08","12"
"3.89","1.0","2019","08","12"
"1.94","1.0","2019","08","12"
"5.83","1.3344768439108061","2019","08","12"
"5.83","1.0","2019","08","16"
"3.89","1.0","2019","08","16"
"7.78","1.2493573264781492","2019","08","18"
"3.89","1.0","2019","08","20"
"3.89","1.0","2019","08","20"
"7.78","1.2493573264781492","2019","08","27"
"5.83","1.6672384219554033","2019","08","27"
"7.78","1.2493573264781492","2019","08","28"
"7.78","1.2493573264781492","2019","08","28"
"3.89","1.4987146529562982","2019","08","28"
"3.89","1.0","2019","08","28"
"1.94","2.0051546391752577","2019","08","28"
"1.94","2.0051546391752577","2019","09","04"
"3.89","1.0","2019","09","05"
"1.94","1.0","2019","09","05"
"5.83","1.0","2019","09","11"
"3.89","1.4987146529562982","2019","09","11"
"3.89","1.0","2019","09","12"
"5.83","1.0","2019","09","12"
"3.89","1.4987146529562982","2019","09","12"
"7.78","1.2493573264781492","2019","09","12"
"9.72","1.1975308641975309","2019","09","12"
"9.72","1.1975308641975309","2019","09","12"
"5.83","1.3344768439108061","2019","09","12"
"7.78","1.4961439588688947","2019","09","17"
"7.78","1.4961439588688947","2019","09","17"
"9.72","1.7983539094650205","2019","09","24"
"3.89","1.4987146529562982","2019","09","27"
"3.89","1.4987146529562982","2019","09","27"
"3.89","1.4987146529562982","2019","09","27"
"3.89","1.4987146529562982","2019","09","28"
"5.83","1.0","2019","09","28"
"1.94","2.0051546391752577","2019","09","29"
"1.94","1.0","2019","09","29"
"1.94","1.0","2019","09","29"
"1.94","2.0051546391752577","2019","10","03"
"5.83","1.9965694682675816","2019","10","06"
"15.53","1.2504829362524148","2019","10","07"
"9.72","1.4002057613168724","2019","10","07"
"5.83","1.3344768439108061","2019","10","13"
"3.89","2.0","2019","10","13"
"3.89","1.4987146529562982","2019","10","13"
"1.94","2.0051546391752577","2019","10","13"
"9.72","1.1975308641975309","2019","10","16"
"3.89","1.4987146529562982","2019","10","16"
"3.89","2.0","2019","10","16"
"13.61","1.1410727406318883","2019","10","16"
"11.64","1.3341924398625429","2019","10","16"
"13.61","1.1410727406318883","2019","10","16"
"9.72","1.4002057613168724","2019","10","17"
"5.83","1.6672384219554033","2019","10","17"
"5.83","1.3344768439108061","2019","10","21"
"9.72","1.1975308641975309","2019","10","21"
"9.72","1.1975308641975309","2019","10","22"
"7.78","1.4961439588688947","2019","10","25"
"1.94","2.0051546391752577","2019","10","28"
"1.94","2.0051546391752577","2019","10","28"
"1.94","2.0051546391752577","2019","11","04"
"3.89","1.4987146529562982","2019","11","08"
"7.78","1.0","2019","11","08"
"7.78","1.0","2019","11","08"
"7.78","1.0","2019","11","08"
"7.78","1.2493573264781492","2019","11","08"
"5.83","1.3344768439108061","2019","11","08"
"3.89","1.4987146529562982","2019","11","08"
"3.89","1.4987146529562982","2019","11","08"
"3.89","1.0","2019","11","09"
"1.94","1.0","2019","11","09"
"3.89","1.0","2019","11","09"
"1.94","2.0051546391752577","2019","11","09"
"15.53","1.2504829362524148","2019","11","21"
"1.94","2.0051546391752577","2019","11","22"
"11.64","1.3341924398625429","2019","11","25"
"7.78","1.749357326478149","2019","11","25"
"3.89","2.9922879177377895","2019","11","26"
"3.89","1.0","2019","11","27"
"3.89","1.4987146529562982","2019","11","27"
"3.89","1.4987146529562982","2019","11","28"
"1.94","2.0051546391752577","2019","11","28"
"7.78","1.2493573264781492","2019","12","05"
"7.78","1.749357326478149","2019","12","14"
"11.64","1.3341924398625429","2019","12","14"
"9.72","1.5977366255144032","2019","12","14"
"3.89","2.0","2020","01","03"
"1.94","3.0051546391752577","2020","01","03"
"3.89","1.4987146529562982","2020","01","04"
"13.61","1.4268919911829538","2020","01","10"
"5.83","1.6672384219554033","2020","01","16"
"11.64","1.3341924398625429","2020","01","16"
"9.72","1.4002057613168724","2020","01","16"
"13.61","1.4268919911829538","2020","01","16"
"23.31","1.25010725010725","2020","01","16"
"11.64","1.3341924398625429","2020","01","16"
"13.61","1.4268919911829538","2020","01","18"
"11.64","1.5017182130584192","2020","01","18"
"7.78","1.4961439588688947","2020","01","18"
"3.89","2.0","2020","01","18"
"5.83","1.3344768439108061","2020","01","22"
"3.89","1.0","2020","01","22"
"11.64","1.3341924398625429","2020","01","22"
"9.72","1.4002057613168724","2020","01","22"
"9.72","1.1975308641975309","2020","01","23"
"1.94","2.0051546391752577","2020","02","13"
"1.94","2.0051546391752577","2020","02","17"
"5.83","1.6672384219554033","2020","02","22"
"17.48","1.333524027459954","2020","02","23"
"11.64","1.1692439862542954","2020","02","24"
"3.89","1.4987146529562982","2020","03","11"
"3.89","2.0","2020","03","11"
"3.89","2.0","2020","03","11"
"15.53","1.1255634256278173","2020","03","22"
"3.89","1.4987146529562982","2020","03","22"
"3.89","1.0","2020","03","26"
"1.94","2.0051546391752577","2020","04","04"
"1.94","2.0051546391752577","2020","04","05"
"3.89","1.4987146529562982","2020","04","10"
"1.94","1.0","2020","04","10"
"1.94","2.0051546391752577","2020","04","11"
"5.83","1.0","2020","04","12"
"5.83","1.3344768439108061","2020","04","12"
"5.83","1.0","2020","04","12"
"11.64","1.1692439862542954","2020","04","25"
"7.78","1.2493573264781492","2020","04","25"
"7.78","1.0","2020","04","25"
"3.89","1.4987146529562982","2020","04","25"
"9.72","1.1975308641975309","2020","04","29"
"9.72","1.4002057613168724","2020","04","29"
"11.64","1.3341924398625429","2020","04","29"
