"Description: File containing the R-squared, coeffecient, and p-values for all of the individual stations.",station,direction,a,b,Rsq,pv,yearrange,numberObs
1,AJXA2,All,1.842745354,-0.0862156,0.091338082,0,2017-2020,128604
2,AJXA2,N,1.922475777,0.002200577,5.42E-05,0.648960174,2017-2020,3824
3,AJXA2,NE,2.070815079,-0.024174306,0.019915016,4.41E-38,2017-2020,8277
4,AJXA2,E,1.764087713,-0.017742309,0.004139778,1.09E-11,2017-2020,11130
5,AJXA2,SE,1.759686929,-0.0934238,0.127576177,0,2017-2020,49652
6,AJXA2,S,2.022064334,-0.161897665,0.256213995,0,2017-2020,13148
7,AJXA2,SW,2.019800061,-0.041803752,0.019388515,4.90E-17,2017-2020,3597
8,AJXA2,W,1.766526993,-0.032557009,0.00971093,1.02E-23,2017-2020,10332
9,AJXA2,NW,1.828798705,-0.098424257,0.09757566,0,2017-2020,28644
10,BLTA2,All,2.543600726,-0.275294182,0.538606184,0,2010-2020,38756
11,BLTA2,N,2.708719243,-0.299015128,0.70041216,0,2010-2020,5222
12,BLTA2,NE,2.614363312,-0.292627647,0.549061658,0,2010-2020,6459
13,BLTA2,E,2.418645879,-0.305840691,0.460983267,0,2010-2020,8981
14,BLTA2,SE,2.425787853,-0.245168329,0.404965834,0,2010-2020,6908
15,BLTA2,S,2.768724967,-0.282867564,0.541838453,0,2010-2020,3364
16,BLTA2,SW,2.841856388,-0.313190642,0.593773161,0,2010-2020,4304
17,BLTA2,W,2.879344345,-0.396366481,0.632785827,0,2010-2020,1929
18,BLTA2,NW,2.827104931,-0.331104927,0.767610963,0,2010-2020,1589
19,BWSA2,All,3.357743138,-0.328971788,0.579134705,0,2014-2020,50471
20,BWSA2,N,3.564179092,-0.321862404,0.655516315,0,2014-2020,17433
21,BWSA2,NE,4.037258751,-0.279236197,0.590891437,1.38E-267,2014-2020,1369
22,BWSA2,E,3.241273282,-0.433392111,0.603596965,7.95E-290,2014-2020,1433
23,BWSA2,SE,3.372469944,-0.356684055,0.51175894,8.35E-298,2014-2020,1900
24,BWSA2,S,3.419282569,-0.353816621,0.50175221,0,2014-2020,11480
25,BWSA2,SW,3.355791327,-0.400888196,0.581483611,0,2014-2020,6509
26,BWSA2,W,3.127084453,-0.397072744,0.545633453,0,2014-2020,2776
27,BWSA2,NW,3.151041423,-0.352305982,0.498588905,0,2014-2020,7571
28,COHA2,All,3.99176779,-0.370571707,0.297958848,0,2006-2020,91528
29,COHA2,N,4.215492139,-0.506403023,0.490699904,0,2006-2020,7705
30,COHA2,NE,4.642742923,-0.556028463,0.593895551,0,2006-2020,14663
31,COHA2,E,4.701262698,-0.477995413,0.443638487,0,2006-2020,24028
32,COHA2,SE,3.739640819,-0.212836124,0.104498219,0,2006-2020,14025
33,COHA2,S,3.287966053,-0.151980116,0.083078757,6.93E-282,2006-2020,14843
34,COHA2,SW,3.687126381,-0.237596267,0.146188672,1.09E-74,2006-2020,2118
35,COHA2,W,3.41306827,-0.351775559,0.140377051,4.44E-49,2006-2020,1436
36,COHA2,NW,2.909380841,-0.253956273,0.164051012,0,2006-2020,12710
37,CRGA2,All,1.211265282,-0.072761408,0.018879012,1.18E-130,2016-2020,31037
38,CRGA2,N,1.282310939,-0.164363307,0.062248298,1.04E-111,2016-2020,7851
39,CRGA2,NE,1.210821806,-0.132924964,0.042995908,9.21E-29,2016-2020,2820
40,CRGA2,E,1.220831409,-0.07640312,0.024477877,2.43E-08,2016-2020,1258
41,CRGA2,SE,1.285114595,-0.06624052,0.018372676,3.30E-33,2016-2020,7776
42,CRGA2,S,1.263160606,-0.11543345,0.024424049,4.45E-33,2016-2020,5808
43,CRGA2,SW,1.292532376,-0.130626995,0.039732798,7.52E-23,2016-2020,2391
44,CRGA2,W,1.355124318,-0.199806906,0.064447124,8.32E-20,2016-2020,1248
45,CRGA2,NW,1.317577561,-0.22513547,0.056667637,1.07E-25,2016-2020,1885
46,CSPA2,All,3.188424036,-0.286047966,0.410226726,0,2016-2020,28900
47,CSPA2,N,5.474938135,-0.559075686,0.43912361,4.57E-54,2016-2020,417
48,CSPA2,NE,3.709246998,-0.305485517,0.448874968,5.51E-198,2016-2020,1515
49,CSPA2,E,2.455996026,-0.191093431,0.255117505,0,2016-2020,15819
50,CSPA2,SE,4.046060405,-0.380923806,0.458025236,3.00E-106,2016-2020,785
51,CSPA2,S,3.993663479,-0.340402744,0.56574287,7.82E-231,2016-2020,1264
52,CSPA2,SW,3.428705555,-0.332319004,0.452488117,4.18E-246,2016-2020,1866
53,CSPA2,W,3.207571982,-0.314333384,0.438046871,0,2016-2020,3897
54,CSPA2,NW,3.521722313,-0.328040039,0.443535771,0,2016-2020,3337
55,CZST,All,3.573682754,-0.32419961,0.236532219,8.74E-25,2004-2009,394
56,CZST,N,3.794287035,-0.334177237,0.284934959,9.71E-07,2004-2009,74
57,CZST,NE,3.231173876,-0.276349844,0.205570447,1.99E-07,2004-2009,120
58,CZST,SE,2.801801802,NA,0,NA,2004-2004,1
59,CZST,S,4.385600867,-0.423302753,0.305929088,3.07E-10,2004-2009,111
60,CZST,SW,3.929296004,-0.374666427,0.315114397,1.28E-08,2004-2009,88
61,DBWA2,All,2.71301557,-0.373708446,0.754992248,0,2016-2020,31528
62,DBWA2,N,3.109036662,-0.400313356,0.866267203,0,2016-2020,1064
63,DBWA2,NE,2.873152935,-0.353025384,0.767357768,0,2016-2020,5325
64,DBWA2,E,2.586023222,-0.374315358,0.735464221,0,2016-2020,15788
65,DBWA2,SE,2.936068067,-0.36072894,0.766443282,0,2016-2020,2728
66,DBWA2,S,2.917339941,-0.356901086,0.680677451,0,2016-2020,1677
67,DBWA2,SW,2.597308154,-0.370075304,0.70341452,0,2016-2020,2991
68,DBWA2,W,2.766198502,-0.38847608,0.767008695,0,2016-2020,1525
69,DBWA2,NW,2.80902645,-0.464262859,0.780174762,6.99E-143,2016-2020,430
70,DWSA2,All,2.949606345,-0.338550677,0.604492377,0,2011-2020,61785
71,DWSA2,N,2.848346779,-0.332604078,0.656337479,0,2011-2020,18820
72,DWSA2,NE,2.692875555,-0.399849555,0.608132886,0,2011-2020,7400
73,DWSA2,E,3.024256556,-0.398128076,0.425216614,5.69E-199,2011-2020,1638
74,DWSA2,SE,2.882664954,-0.314776598,0.579478772,0,2011-2020,8307
75,DWSA2,S,3.041898195,-0.330110847,0.606270325,0,2011-2020,10031
76,DWSA2,SW,3.17301238,-0.45317296,0.688310425,0,2011-2020,6194
77,DWSA2,W,3.269447633,-0.374484149,0.70777709,0,2011-2020,2256
78,DWSA2,NW,3.092861883,-0.296448649,0.542659301,0,2011-2020,7139
79,ETBA2,All,10.47483792,-0.902781349,0.928967336,0,2015-2020,62297
80,ETBA2,N,10.78838228,-0.985505059,0.966858114,0,2015-2020,924
81,ETBA2,NE,10.76812078,-0.93363856,0.947107999,0,2015-2020,644
82,ETBA2,E,9.677267437,-0.85101667,0.897452381,0,2015-2020,17238
83,ETBA2,SE,10.2069827,-0.897474855,0.920933368,0,2015-2020,20900
84,ETBA2,S,10.96702152,-0.924421225,0.946468335,0,2015-2020,20741
85,ETBA2,SW,11.45108054,-0.906156602,0.927511099,0,2015-2020,805
86,ETBA2,W,10.60352507,-0.890243636,0.903571834,2.01E-306,2015-2020,601
87,ETBA2,NW,10.70279831,-0.918888791,0.933313149,5.09E-262,2015-2020,444
88,F4561,All,3.505627549,-0.3478884,0.42624968,0,2019-2020,102204
89,F4561,N,3.389660133,-0.287442998,0.295995361,5.55E-280,2019-2020,3645
90,F4561,NE,3.371127921,-0.228291637,0.107937372,3.42E-185,2019-2020,7377
91,F4561,E,3.461258133,-0.247390703,0.163794968,0,2019-2020,14541
92,F4561,SE,3.756368163,-0.372714134,0.476726625,0,2019-2020,43150
93,F4561,S,3.888838288,-0.383132501,0.413468586,0,2019-2020,7680
94,F4561,SW,3.337440395,-0.288438971,0.265610005,3.77E-130,2019-2020,1911
95,F4561,W,2.761413423,-0.269759259,0.355298036,0,2019-2020,7761
96,F4561,NW,2.742558242,-0.271813803,0.398186784,0,2019-2020,16139
97,GLIA2,All,2.125806572,-0.198670993,0.421598579,0,2018-2020,16210
98,GLIA2,N,2.142167559,-0.103445622,0.181855492,9.52E-64,2018-2020,1418
99,GLIA2,NE,2.174652443,-0.188787483,0.150366697,1.90E-07,2018-2020,169
100,GLIA2,E,2.065198484,-0.281440812,0.464817704,5.85E-151,2018-2020,1098
101,GLIA2,SE,1.893854609,-0.161610158,0.431043282,0,2018-2020,2837
102,GLIA2,S,2.168069706,-0.186455537,0.406508253,4.92E-150,2018-2020,1307
103,GLIA2,SW,2.118182457,-0.222289317,0.328786294,8.89E-92,2018-2020,1038
104,GLIA2,W,2.280101483,-0.335774144,0.472676933,1.42E-118,2018-2020,840
105,GLIA2,NW,2.205437971,-0.20899721,0.461341206,0,2018-2020,7503
106,GNUA2,All,2.525832044,-0.256063543,0.489213612,0,2016-2020,31692
107,GNUA2,N,2.712876922,-0.291532927,0.550412391,0,2016-2020,4517
108,GNUA2,NE,2.635341666,-0.262244922,0.397017675,9.17E-156,2016-2020,1400
109,GNUA2,E,2.324921777,-0.228934942,0.439947748,0,2016-2020,2703
110,GNUA2,SE,2.388142037,-0.193972546,0.355224313,2.45E-300,2016-2020,3129
111,GNUA2,S,2.330702958,-0.177154423,0.39670128,0,2016-2020,3973
112,GNUA2,SW,2.379629387,-0.253853231,0.554681383,0,2016-2020,3507
113,GNUA2,W,2.526300883,-0.325455625,0.543048756,0,2016-2020,2738
114,GNUA2,NW,2.650489418,-0.285211186,0.53117511,0,2016-2020,9725
115,GNLA2,All,3.012489543,-0.408659616,0.781261889,0,2015-2020,29768
116,GNLA2,N,3.067033547,-0.402135333,0.747555463,0,2015-2020,5757
117,GNLA2,NE,2.91500521,-0.429472288,0.651122242,0,2015-2020,6734
118,GNLA2,E,3.035791116,-0.430991416,0.678271433,0,2015-2020,2278
119,GNLA2,SE,3.168925372,-0.346712856,0.654495881,0,2015-2020,1495
120,GNLA2,S,3.120545213,-0.380579493,0.706971039,0,2015-2020,1767
121,GNLA2,SW,2.931503414,-0.496693719,0.799525267,0,2015-2020,4803
122,GNLA2,W,3.057995352,-0.473894267,0.784971456,0,2015-2020,2380
123,GNLA2,NW,3.083046997,-0.363827102,0.787828758,0,2015-2020,4554
124,GQIA2,All,2.592524974,-0.223193474,0.485537007,0,2015-2020,28614
125,GQIA2,N,2.691071572,-0.244554644,0.569746549,0,2015-2020,14887
126,GQIA2,NE,2.561533914,-0.233046044,0.400334807,0,2015-2020,2917
127,GQIA2,E,2.508189391,-0.121401263,0.126551452,9.19E-32,2015-2020,1019
128,GQIA2,SE,2.911001596,-0.228342596,0.501525212,0,2015-2020,3016
129,GQIA2,S,2.482019614,-0.199609501,0.359861123,2.75E-173,2015-2020,1768
130,GQIA2,SW,2.486915068,-0.301169624,0.494133061,3.50E-279,2015-2020,1873
131,GQIA2,W,2.560011721,-0.315039521,0.557049099,1.67E-241,2015-2020,1355
132,GQIA2,NW,2.684598121,-0.226746658,0.570799996,0,2015-2020,1779
133,GUXA2,All,1.970893677,-0.028291848,0.00968574,6.78E-273,2017-2020,128001
134,GUXA2,N,1.821836995,0.045810733,0.026737389,1.02E-147,2017-2020,24723
135,GUXA2,NE,2.058744244,0.004954949,0.000693569,0.00887626,2017-2020,9872
136,GUXA2,E,2.165701807,-0.0509095,0.030996696,1.68E-66,2017-2020,9427
137,GUXA2,SE,2.246934613,-0.034579773,0.020832873,1.80E-89,2017-2020,19108
138,GUXA2,S,2.185051053,-0.080398617,0.09238699,2.15E-191,2017-2020,8986
139,GUXA2,SW,2.147698693,-0.073921952,0.086792107,0,2017-2020,17518
140,GUXA2,W,1.882644129,-0.121729168,0.120040114,0,2017-2020,22763
141,GUXA2,NW,1.939644065,-0.05862608,0.040789554,2.57E-143,2017-2020,15604
142,HADA2,All,4.395423943,-0.342642773,0.225090055,0,2016-2020,22754
143,HADA2,N,5.54746895,-0.603271518,0.350542272,1.14E-52,2016-2020,543
144,HADA2,NE,5.81126317,-0.426749019,0.339425235,7.14E-63,2016-2020,678
145,HADA2,E,4.043210088,-0.244091081,0.131033553,2.72E-250,2016-2020,8132
146,HADA2,SE,4.745139141,-0.229978192,0.085174884,2.46E-74,2016-2020,3740
147,HADA2,S,5.008044399,-0.427952645,0.233691817,8.77E-82,2016-2020,1381
148,HADA2,SW,4.483946859,-0.360582543,0.293490455,7.19E-101,2016-2020,1311
149,HADA2,W,3.792172194,-0.338114945,0.280582091,4.47E-275,2016-2020,3816
150,HADA2,NW,4.442466852,-0.445614525,0.407960989,0,2016-2020,3153
151,HAXA2,All,1.655123557,0.042399213,0.008986312,3.87E-255,2017-2020,128961
152,HAXA2,N,3.217272848,-0.141232949,0.118407788,4.89E-110,2017-2020,3944
153,HAXA2,NE,2.866273629,-0.094303011,0.035035139,1.19E-11,2017-2020,1292
154,HAXA2,E,2.852323976,-0.214225404,0.237814178,4.38E-224,2017-2020,3763
155,HAXA2,SE,2.235673186,-0.090807384,0.089834213,0,2017-2020,18415
156,HAXA2,S,1.441372026,0.066447674,0.042940322,0,2017-2020,46296
157,HAXA2,SW,1.520948613,0.078517054,0.011001868,2.05E-103,2017-2020,42152
158,HAXA2,W,2.046706109,0.043370478,0.006719163,8.65E-15,2017-2020,8929
159,HAXA2,NW,2.22604828,0.062355655,0.027175882,8.60E-27,2017-2020,4170
160,HHKA2,All,2.430223573,-0.236202246,0.257775389,0,2016-2020,35594
161,HHKA2,N,2.886778408,-0.369423082,0.163518004,6.39E-68,2016-2020,1701
162,HHKA2,NE,2.710356859,-0.263748258,0.262041838,1.31E-300,2016-2020,4522
163,HHKA2,E,2.260709696,-0.238684963,0.31540308,0,2016-2020,15490
164,HHKA2,SE,2.479975703,-0.225415429,0.119496381,5.14E-41,2016-2020,1416
165,HHKA2,S,2.402565206,-0.236731133,0.126127932,1.82E-46,2016-2020,1522
166,HHKA2,SW,2.315670836,-0.187034755,0.128116431,1.48E-127,2016-2020,4213
167,HHKA2,W,2.434493618,-0.103690403,0.07400723,4.84E-82,2016-2020,4790
168,HHKA2,NW,2.530327456,-0.156229315,0.045814474,1.54E-21,2016-2020,1940
169,HHWA2,All,3.321285459,-0.318455331,0.227123342,0,2016-2020,28102
170,HHWA2,N,2.744340705,-0.417556576,0.150935428,7.82E-56,2016-2020,1517
171,HHWA2,NE,2.421692176,-0.305244593,0.115908266,2.57E-72,2016-2020,2628
172,HHWA2,E,3.62013015,-0.338454974,0.297565507,0,2016-2020,5709
173,HHWA2,SE,4.219152465,-0.441344772,0.455395722,0,2016-2020,7670
174,HHWA2,S,3.557933561,-0.473767227,0.411402621,0,2016-2020,2890
175,HHWA2,SW,2.674395328,-0.403227055,0.22760011,6.95E-111,2016-2020,1941
176,HHWA2,W,2.974980396,-0.267670798,0.183994685,4.84E-205,2016-2020,4594
177,HHWA2,NW,4.415425682,-0.407683714,0.309312077,1.36E-94,2016-2020,1153
178,HONA2,All,4.450455634,-0.302580873,0.195203108,0,2016-2020,25037
179,HONA2,N,4.775015118,-0.272270228,0.175104464,1.85E-102,2016-2020,2402
180,HONA2,NE,4.901048835,-0.358727771,0.290136934,1.93E-157,2016-2020,2088
181,HONA2,E,5.322160556,-0.383306697,0.373849217,6.44E-179,2016-2020,1740
182,HONA2,SE,4.720180973,-0.379485137,0.252163071,1.17E-154,2016-2020,2418
183,HONA2,S,5.299155961,-0.46427858,0.417179506,2.72E-297,2016-2020,2518
184,HONA2,SW,5.347376773,-0.438724674,0.483089794,0,2016-2020,3790
185,HONA2,W,4.481935628,-0.313364094,0.274421691,0,2016-2020,4793
186,HONA2,NW,3.43913349,-0.178182632,0.048032622,1.57E-58,2016-2020,5288
187,ICYA2,All,1.891639873,-0.105026285,0.062509706,0,2012-2019,119783
188,ICYA2,N,2.240749292,0.073404888,0.019805601,1.15E-22,2012-2019,4801
189,ICYA2,NE,2.069232527,-0.095122329,0.029447436,1.57E-187,2012-2019,28543
190,ICYA2,E,1.836248267,-0.054191657,0.013728293,1.20E-165,2012-2019,54433
191,ICYA2,SE,1.787423837,-0.013340048,0.000846817,0.04014527,2012-2019,4974
192,ICYA2,S,1.671051841,-0.031506345,0.007887639,7.85E-07,2012-2019,3083
193,ICYA2,SW,1.629835082,-0.097839682,0.113207761,1.36E-97,2012-2019,3661
194,ICYA2,W,1.695078632,-0.154525785,0.339716716,0,2012-2019,16494
195,ICYA2,NW,1.966598942,-0.120645065,0.088885727,9.71E-79,2012-2019,3794
196,JFBA2,All,4.979290621,-0.496216272,0.513339059,0,2016-2019,49493
197,JFBA2,N,6.679875896,-0.621607595,0.564381527,0,2016-2019,7370
198,JFBA2,NE,5.398661739,-0.557249032,0.561017833,0,2016-2019,2731
199,JFBA2,E,4.882872822,-0.512583206,0.546577762,0,2016-2019,2149
200,JFBA2,SE,4.617826326,-0.480580353,0.530621234,0,2016-2019,2463
201,JFBA2,S,4.269579853,-0.424193382,0.448668098,0,2016-2019,5698
202,JFBA2,SW,4.398145041,-0.445672848,0.490346581,0,2016-2019,9795
203,JFBA2,W,4.701351362,-0.460322372,0.490965325,0,2016-2019,9430
204,JFBA2,NW,4.563691223,-0.459661597,0.500276721,0,2016-2019,9857
205,JLXA2,All,2.479481871,-0.05529997,0.042292901,0,2017-2020,128581
206,JLXA2,N,2.467025533,-0.033718053,0.008235841,9.29E-07,2017-2020,2913
207,JLXA2,NE,2.42197783,-0.028620014,0.006438856,7.38E-09,2017-2020,5178
208,JLXA2,E,2.366831759,-0.031433065,0.014558037,4.22E-109,2017-2020,33581
209,JLXA2,SE,2.498098597,-0.052206689,0.037184395,0,2017-2020,44227
210,JLXA2,S,2.529345713,-0.001356659,2.27E-05,0.640049482,2017-2020,9649
211,JLXA2,SW,2.543329356,-0.007976634,0.000835408,0.006838269,2017-2020,8755
212,JLXA2,W,2.438820643,-0.096451699,0.108832308,0,2017-2020,18934
213,JLXA2,NW,2.59537557,-0.032306288,0.019181217,2.67E-24,2017-2020,5344
214,JMLA2,All,1.847674813,-0.078234478,0.080296585,0,2013-2019,123223
215,JMLA2,N,2.187947374,-0.004318875,0.00055672,0.350460701,2013-2019,1568
216,JMLA2,NE,2.347917822,-0.067241884,0.106606648,5.80E-123,2013-2019,4936
217,JMLA2,E,2.000470656,-0.091532076,0.143531274,0,2013-2019,15227
218,JMLA2,SE,2.015260242,-0.150610502,0.256321449,0,2013-2019,45788
219,JMLA2,S,1.942835265,-0.109917818,0.107207033,0,2013-2019,13743
220,JMLA2,SW,1.777460487,-0.018623472,0.00303266,1.05E-06,2013-2019,7849
221,JMLA2,W,1.745485723,-0.057656248,0.037096282,2.56E-238,2013-2019,28750
222,JMLA2,NW,1.858774176,-0.052436358,0.025318548,9.65E-32,2013-2019,5362
223,JNEA2,All,2.00651797,-0.147808788,0.10987342,0,2009-2020,845485
224,JNEA2,N,2.550613782,-0.088679778,0.041091369,3.21E-284,2009-2020,30935
225,JNEA2,NE,2.280085308,-0.068158731,0.019472342,6.77E-121,2009-2020,27801
226,JNEA2,E,2.012390412,-0.109358804,0.079391745,0,2009-2020,161878
227,JNEA2,SE,1.771599204,-0.134146164,0.115489716,0,2009-2020,336873
228,JNEA2,S,1.869933501,-0.102151906,0.040397531,0,2009-2020,57543
229,JNEA2,SW,1.978656276,-0.036630899,0.003590615,6.02E-23,2009-2020,27047
230,JNEA2,W,1.968363165,-0.132717283,0.086764085,0,2009-2020,94649
231,JNEA2,NW,2.126462691,-0.120694426,0.059483957,0,2009-2020,108759
232,JTMA2,All,3.016176771,-0.489420558,0.726145163,0,2016-2020,22503
233,JTMA2,N,3.336626516,-0.483649391,0.773863954,0,2016-2020,4113
234,JTMA2,NE,2.617622854,-0.538439592,0.627010876,0,2016-2020,2025
235,JTMA2,E,2.581002766,-0.51678339,0.579601756,0,2016-2020,2494
236,JTMA2,SE,3.104218934,-0.469479882,0.710489732,0,2016-2020,4428
237,JTMA2,S,3.304226491,-0.479549759,0.741488545,0,2016-2020,1813
238,JTMA2,SW,2.85756386,-0.509688088,0.632027458,1.85E-178,2016-2020,814
239,JTMA2,W,2.454568731,-0.557443264,0.685745502,0,2016-2020,1543
240,JTMA2,NW,2.88506162,-0.52511093,0.804969273,0,2016-2020,5273
241,KECA2,All,2.623666321,-0.274641719,0.496620852,0,2009-2019,725194
242,KECA2,N,2.991565607,-0.406152378,0.44216451,0,2009-2019,53627
243,KECA2,NE,2.68550485,-0.328986399,0.365022452,0,2009-2019,36219
244,KECA2,E,2.551993736,-0.202748793,0.307783526,0,2009-2019,111301
245,KECA2,SE,2.193008895,-0.184214784,0.293123686,0,2009-2019,308805
246,KECA2,S,2.637229166,-0.330187901,0.574140838,0,2009-2019,25340
247,KECA2,SW,2.461430231,-0.478425695,0.51080149,0,2009-2019,12065
248,KECA2,W,2.447420866,-0.349029511,0.560388828,0,2009-2019,38001
249,KECA2,NW,2.653927358,-0.307094515,0.565196548,0,2009-2019,139836
250,KEXA2,All,1.882217786,-0.0482073,0.028811879,0,2015-2020,251311
251,KEXA2,N,1.890315328,-0.085060923,0.024588254,4.05E-239,2015-2020,43801
252,KEXA2,NE,1.708669728,-0.018595063,0.001262909,1.20E-08,2015-2020,25709
253,KEXA2,E,1.906622197,-0.022697228,0.007646535,1.35E-108,2015-2020,63852
254,KEXA2,SE,1.939668079,-0.085406819,0.084828236,0,2015-2020,53863
255,KEXA2,S,2.349689359,-0.172235713,0.239746595,1.63E-235,2015-2020,3920
256,KEXA2,SW,2.357086135,-0.108200825,0.095235925,1.60E-37,2015-2020,1640
257,KEXA2,W,2.492603988,-0.164000273,0.314855873,0,2015-2020,11310
258,KEXA2,NW,2.225458862,-0.123102433,0.102470669,0,2015-2020,47216
259,KLNA2,All,2.081061253,-0.192337581,0.377317518,0,2016-2020,50778
260,KLNA2,N,1.975587397,-0.164960725,0.321744548,0,2016-2020,15185
261,KLNA2,NE,2.10783878,-0.206567816,0.422801415,0,2016-2020,5506
262,KLNA2,E,2.692137505,-0.328117031,0.354699865,1.63E-29,2016-2020,293
263,KLNA2,SE,2.311742128,-0.378264728,0.39232546,5.44E-91,2016-2020,824
264,KLNA2,S,1.818272168,-0.139252637,0.268469198,0,2016-2020,24288
265,KLNA2,SW,2.574151715,-0.283993269,0.458720309,0,2016-2020,3688
266,KLNA2,W,3.16150097,-0.389643297,0.447278084,5.84E-50,2016-2020,375
267,KLNA2,NW,2.845946739,-0.316319946,0.35833244,1.92E-61,2016-2020,619
268,LBWA2,All,2.204793372,-0.195396391,0.430884836,0,2018-2020,14660
269,LBWA2,N,2.214011423,-0.224767474,0.118935191,9.43E-58,2018-2020,2029
270,LBWA2,NE,2.338214894,-0.249849971,0.245395016,9.33E-203,2018-2020,3281
271,LBWA2,E,2.074008243,-0.17026224,0.348395535,1.09E-221,2018-2020,2361
272,LBWA2,SE,2.218085381,-0.186886073,0.470648314,0,2018-2020,2689
273,LBWA2,S,2.171555851,-0.234258485,0.265646918,7.13E-47,2018-2020,672
274,LBWA2,SW,2.807778899,-0.257380303,0.217448338,2.49E-13,2018-2020,221
275,LBWA2,W,3.010586362,-0.316276145,0.358251435,3.45E-22,2018-2020,214
276,LBWA2,NW,2.149144115,-0.194801642,0.288411691,4.47E-238,2018-2020,3193
277,LMNA2,All,1.756489398,-0.200958729,0.111294552,0,2016-2020,50042
278,LMNA2,N,1.615527728,-0.179038652,0.080771963,3.62E-80,2016-2020,4271
279,LMNA2,NE,1.490465735,-0.137294271,0.05495776,3.08E-91,2016-2020,7262
280,LMNA2,E,1.683581911,-0.152136891,0.064858457,2.01E-88,2016-2020,5929
281,LMNA2,SE,2.139620242,-0.27994731,0.185272537,4.68E-220,2016-2020,4896
282,LMNA2,S,2.219564576,-0.312017077,0.229303059,0,2016-2020,6932
283,LMNA2,SW,1.958499373,-0.257890649,0.156462848,6.10E-212,2016-2020,5676
284,LMNA2,W,1.755285533,-0.230510989,0.154881943,5.38494004977875e-318,2016-2020,8639
285,LMNA2,NW,1.77150845,-0.245252672,0.165137296,1.53E-254,2016-2020,6437
286,MHPA2,All,2.956620267,-0.350226853,0.134574218,0,2016-2019,33119
287,MHPA2,N,2.942385993,-0.464296061,0.152026274,1.30E-93,2016-2019,2557
288,MHPA2,NE,2.903223442,-0.488568298,0.086096445,6.49E-24,2016-2019,1132
289,MHPA2,E,2.769383782,-0.382121394,0.080873116,5.42E-49,2016-2019,2569
290,MHPA2,SE,2.963884417,-0.369909393,0.204847939,0,2016-2019,10396
291,MHPA2,S,3.114801471,-0.364190323,0.214842724,1.16E-242,2016-2019,4578
292,MHPA2,SW,3.021832052,-0.361895876,0.116301166,2.63E-36,2016-2019,1283
293,MHPA2,W,2.89859207,-0.464076542,0.148149479,6.99E-101,2016-2019,2838
294,MHPA2,NW,2.942297929,-0.261858986,0.061306739,7.93E-109,2016-2019,7766
295,MRNA2,All,2.345729037,-0.144120753,0.233761216,0,2015-2020,195529
296,MRNA2,N,2.425520937,-0.098657099,0.211777381,0,2015-2020,22456
297,MRNA2,NE,2.286399429,-0.049532079,0.032521473,3.74E-115,2015-2020,15738
298,MRNA2,E,2.484464286,-0.24342518,0.437356458,0,2015-2020,45532
299,MRNA2,SE,2.513849256,-0.173389794,0.35282367,0,2015-2020,48614
300,MRNA2,S,2.463951105,-0.147228402,0.160887955,0,2015-2020,15038
301,MRNA2,SW,2.339270234,-0.041430947,0.004838592,6.03E-09,2015-2020,6976
302,MRNA2,W,2.16708788,-0.077538379,0.017066371,1.79E-44,2015-2020,11373
303,MRNA2,NW,2.299707908,-0.154506224,0.162755022,0,2015-2020,29802
304,MRYA2,All,2.239736763,-0.17085384,0.254984547,0,2015-2020,249183
305,MRYA2,N,2.236344997,-0.213872212,0.449594839,0,2015-2020,44462
306,MRYA2,NE,2.225894234,-0.177339124,0.370901288,0,2015-2020,11495
307,MRYA2,E,2.065151184,-0.156708569,0.287964079,0,2015-2020,10508
308,MRYA2,SE,2.273922681,-0.204312625,0.356923004,0,2015-2020,42417
309,MRYA2,S,2.093598349,-0.022372543,0.003618945,4.82E-68,2015-2020,83806
310,MRYA2,SW,1.920013425,-0.374525136,0.308722754,0,2015-2020,16477
311,MRYA2,W,2.505955151,-0.012996293,0.000435471,0.265501985,2015-2020,2849
312,MRYA2,NW,3.050747366,-0.321213631,0.59777604,0,2015-2020,37169
313,MVXA2,All,2.030835381,-0.077430372,0.083112289,0,2015-2020,248682
314,MVXA2,N,2.159718821,-0.118822182,0.094462147,0,2015-2020,15397
315,MVXA2,NE,2.377827139,-0.114400964,0.110721117,0,2015-2020,27537
316,MVXA2,E,2.247949999,-0.092892279,0.196784462,0,2015-2020,62971
317,MVXA2,SE,1.917940546,-0.04670397,0.05766647,0,2015-2020,64140
318,MVXA2,S,1.849881108,-0.133699359,0.131267041,0,2015-2020,57393
319,MVXA2,SW,2.191491429,-0.097845408,0.141718746,0,2015-2020,14433
320,MVXA2,W,2.25731555,-0.045974,0.019103608,2.33E-13,2015-2020,2787
321,MVXA2,NW,2.220822257,-0.095386244,0.069542205,5.32E-65,2015-2020,4024
322,MXXA2,All,2.186760558,-0.13288734,0.256001069,0,2015-2019,178460
323,MXXA2,N,2.110258971,-0.077056999,0.045324519,5.93E-106,2015-2019,10307
324,MXXA2,NE,2.281387274,-0.070742631,0.078621571,9.48E-154,2015-2019,8523
325,MXXA2,E,2.065679104,-0.066618172,0.051082284,0,2015-2019,34855
326,MXXA2,SE,2.041696409,-0.129555783,0.180598989,0,2015-2019,66824
327,MXXA2,S,2.136758156,-0.120075645,0.122166428,0,2015-2019,13801
328,MXXA2,SW,2.35511156,-0.123342287,0.110184004,1.78E-232,2015-2019,9081
329,MXXA2,W,2.306580014,-0.154601486,0.393144,0,2015-2019,24528
330,MXXA2,NW,2.18554533,-0.122219575,0.21608359,0,2015-2019,25424
331,NDIA2,All,2.010918296,-0.178830581,0.089538953,0,2011-2020,119973
332,NDIA2,N,2.200869526,-0.180437752,0.060488122,2.72E-25,2011-2020,1733
333,NDIA2,NE,2.096978758,-0.082321236,0.020929689,1.86E-51,2011-2020,10769
334,NDIA2,E,2.067914039,-0.207419702,0.11785126,0,2011-2020,46014
335,NDIA2,SE,2.227141547,-0.160072458,0.065075039,4.66E-276,2011-2020,18733
336,NDIA2,S,1.866621896,-0.279603158,0.135786665,0,2011-2020,15466
337,NDIA2,SW,2.028860268,-0.271721473,0.164998444,0,2011-2020,17707
338,NDIA2,W,2.116363318,-0.236830264,0.108023408,9.64E-199,2011-2020,7916
339,NDIA2,NW,2.222430482,-0.341617747,0.145091134,1.34E-57,2011-2020,1635
340,NHDA2,All,3.22351091,-0.277161108,0.327747043,0,2006-2020,127088
341,NHDA2,N,4.001368749,-0.440547178,0.311351288,8.55E-282,2006-2020,3452
342,NHDA2,NE,4.812558642,-0.510032261,0.47488043,0,2006-2020,2799
343,NHDA2,E,3.652862084,-0.35365099,0.489976262,0,2006-2020,62828
344,NHDA2,SE,3.20893606,-0.262221175,0.32162541,0,2006-2020,36651
345,NHDA2,S,2.189627376,-0.282786827,0.057966188,8.43E-87,2006-2020,6533
346,NHDA2,SW,2.724529595,-0.189851161,0.040881901,3.28E-31,2006-2020,3237
347,NHDA2,W,2.944312154,-0.326287203,0.180310241,7.42E-292,2006-2020,6707
348,NHDA2,NW,3.569047678,-0.420650627,0.296495184,0,2006-2020,4881
349,PAEL,All,4.368080827,-0.342886491,0.178928198,1.94E-140,2002-2020,3231
350,PAEL,N,4.016790585,-0.29012845,0.173022167,2.68E-25,2002-2020,571
351,PAEL,NE,1.634404737,0.02953296,0.001960571,0.477161496,2002-2019,260
352,PAEL,E,3.981825077,-0.315580964,0.142764274,1.73E-46,2002-2020,1333
353,PAEL,SE,6.973928998,-0.535733603,0.351842539,3.82E-27,2002-2019,271
354,PAEL,S,8.873700981,-0.65121036,0.538962954,9.36E-44,2002-2018,251
355,PAEL,SW,1.65007961,0.057326373,0.009587562,0.201296452,2002-2019,172
356,PAEL,W,1.559033982,0.087433711,0.009504108,0.443456889,2003-2020,64
357,PAEL,NW,6.684111541,-0.47333888,0.434294286,7.24E-40,2002-2020,309
358,PAFE,All,4.805656994,-0.451484568,0.427289167,0,2002-2020,77404
359,PAFE,N,7.453766643,-0.597287891,0.518924907,0,2003-2020,6930
360,PAFE,NE,6.179025087,-0.559845897,0.535676873,0,2002-2020,11719
361,PAFE,E,4.659708023,-0.452271771,0.40810765,0,2002-2020,21966
362,PAFE,SE,3.046678541,-0.271801303,0.22942408,0,2002-2020,32407
363,PAFE,S,4.774563972,-0.442160913,0.391642675,1.34E-216,2002-2020,1988
364,PAFE,SW,13.97255159,-0.917702864,0.785355841,3.25E-38,2003-2020,111
365,PAFE,W,11.48129531,-0.852435549,0.768662119,5.96E-135,2003-2020,420
366,PAFE,NW,6.885835028,-0.593008205,0.49926944,7.93E-282,2003-2020,1863
367,PAGN,All,4.627327686,-0.437984502,0.418111206,0,2006-2020,5058
368,PAGN,N,4.053005784,-0.38439957,0.418441373,4.11E-71,2006-2020,589
369,PAGN,NE,4.881131001,-0.472491923,0.513365068,2.05E-246,2006-2020,1563
370,PAGN,E,5.36904004,-0.507144606,0.458284216,2.91E-171,2006-2020,1272
371,PAGN,SE,3.622997133,-0.328704012,0.249524034,3.12E-65,2006-2020,1016
372,PAGN,S,5.653331692,-0.50654571,0.488069941,7.27E-48,2006-2020,318
373,PAGN,SW,11.34458466,-0.800002907,0.409719363,0.010162368,2007-2019,15
374,PAGN,W,3.497054686,-0.158002921,1,1.51E-16,2008-2013,3
375,PAGN,NW,7.200965961,-0.608808027,0.47989772,1.23E-41,2006-2020,282
376,PAGS,All,3.783926567,-0.359436488,0.426855243,0,2002-2020,38120
377,PAGS,N,4.122196615,-0.385855199,0.33742757,0,2003-2020,5511
378,PAGS,NE,6.493932098,-0.58218267,0.551578127,1.02E-135,2003-2020,769
379,PAGS,E,6.893426599,-0.590259318,0.594390401,3.93E-240,2002-2020,1216
380,PAGS,SE,2.860714082,-0.257792004,0.306247362,0,2002-2020,24233
381,PAGS,S,8.918000202,-0.728216263,0.656001806,1.87E-272,2002-2020,1168
382,PAGS,SW,4.693398699,-0.450115861,0.432295179,0,2003-2020,3554
383,PAGS,W,6.389528484,-0.570373668,0.428239327,2.46E-71,2003-2020,573
384,PAGS,NW,6.541620166,-0.603403343,0.55488903,1.67E-194,2002-2020,1096
385,PAGY,All,2.943636886,-0.260496312,0.444418874,0,2016-2020,56547
386,PAGY,N,4.000052809,-0.369720961,0.435555467,0,2016-2020,6863
387,PAGY,NE,2.827358932,-0.240332538,0.359435203,0,2016-2020,20714
388,PAGY,E,9.630677291,-0.709495458,0.705419859,1.51E-10,2016-2020,36
389,PAGY,SE,1.777777778,NA,0,NA,2017-2017,1
390,PAGY,S,3.111591493,-0.289021329,0.450801058,0,2016-2020,16741
391,PAGY,SW,2.420270914,-0.200673336,0.42264887,0,2016-2020,12140
392,PAGY,W,6.805850696,-0.613249236,0.492947004,5.41E-08,2016-2020,46
393,PAGY,NW,18.18738537,-1.017034398,0.935052535,0.001617368,2016-2018,6
394,PAHN,All,4.564253395,-0.40928361,0.366232505,0,2002-2020,91699
395,PAHN,N,8.132208021,-0.679424965,0.584966943,9.46E-33,2003-2020,164
396,PAHN,NE,4.557816103,-0.410572709,0.383470425,0,2002-2020,3193
397,PAHN,E,4.349742397,-0.383396569,0.321152923,0,2002-2020,62582
398,PAHN,SE,3.632433451,-0.313838056,0.230853664,0,2002-2020,6270
399,PAHN,S,10.50993553,-0.769135104,0.507463641,2.84E-11,2003-2019,65
400,PAHN,SW,7.436728793,-0.571080201,0.293454656,3.16E-06,2003-2020,65
401,PAHN,W,4.171043112,-0.382935007,0.443912756,0,2002-2020,2597
402,PAHN,NW,4.677910065,-0.440495734,0.470692288,0,2002-2020,16763
403,PAJK,All,1.57613022,-0.278288838,0.16281112,0,2011-2020,124292
404,PAJK,N,1.485341997,-0.323655986,0.180681795,0,2011-2020,20929
405,PAJK,NE,1.520499593,-0.248371902,0.11881009,0,2011-2020,25748
406,PAJK,E,1.596011111,-0.324415271,0.195012816,0,2011-2020,14135
407,PAJK,SE,1.648935495,-0.303404892,0.190678887,0,2011-2020,9959
408,PAJK,S,1.675203485,-0.268379666,0.155523114,0,2011-2020,10633
409,PAJK,SW,1.674528202,-0.280084152,0.184014699,0,2011-2020,11578
410,PAJK,W,1.618107893,-0.320108007,0.225652319,0,2011-2020,12578
411,PAJK,NW,1.498193696,-0.266869504,0.130913797,0,2011-2020,18732
412,PAJN,All,5.994911599,-0.507073484,0.646492331,0,2002-2020,28174
413,PAJN,N,18.90083063,-1.001753033,0.922323488,4.78E-124,2004-2020,222
414,PAJN,NE,14.61738272,-0.877988911,0.824760249,3.99E-274,2003-2020,721
415,PAJN,E,4.426037376,-0.400430342,0.555813226,0,2002-2020,18252
416,PAJN,SE,3.796356224,-0.349645442,0.492535355,0,2002-2020,8107
417,PAJN,S,17.96524725,-0.969396961,0.892636707,8.85E-102,2003-2020,208
418,PAJN,SW,21.36761277,-1.037060061,0.90855551,2.85E-168,2003-2020,322
419,PAJN,W,12.9555773,-0.815522782,0.809999386,6.09E-94,2003-2020,257
420,PAJN,NW,19.17623274,-1.043656178,0.919010397,4.56E-47,2003-2020,85
421,PAKT,All,4.182108765,-0.369061746,0.440497472,0,2002-2020,41243
422,PAKT,N,7.400267196,-0.62053078,0.657768235,1.23E-123,2003-2020,524
423,PAKT,NE,13.89783188,-0.858399949,0.855810196,7.13E-52,2003-2018,121
424,PAKT,E,6.879948462,-0.546937719,0.588423241,4.42E-120,2002-2020,614
425,PAKT,SE,3.684821077,-0.323097319,0.352220987,0,2002-2020,30435
426,PAKT,S,4.528203787,-0.38545793,0.388352051,0,2002-2020,5367
427,PAKT,SW,7.907399812,-0.612492596,0.649698838,2.80E-12,2004-2019,49
428,PAKT,W,8.101997634,-0.659103304,0.582387492,8.97E-95,2003-2020,491
429,PAKT,NW,6.446502118,-0.575340936,0.608334791,0,2003-2020,3642
430,PAKW,All,5.698344303,-0.503572508,0.475011016,0,2002-2020,27460
431,PAKW,N,5.217652742,-0.475698501,0.437422937,1.74E-238,2002-2020,1893
432,PAKW,NE,4.285042642,-0.399324722,0.404696327,0,2002-2020,11184
433,PAKW,E,6.68912297,-0.547459431,0.453509336,8.56E-74,2002-2020,549
434,PAKW,SE,6.320161312,-0.54616285,0.444570777,0,2002-2020,2553
435,PAKW,S,5.89135682,-0.503382512,0.488498706,0,2002-2020,7412
436,PAKW,SW,6.334908597,-0.538350478,0.489800344,0,2002-2020,2907
437,PAKW,W,7.563676055,-0.621737747,0.503414224,3.07E-141,2002-2020,917
438,PAKW,NW,8.750299414,-0.667049653,0.486079911,1.03E-07,2003-2019,45
439,PAMM,All,4.668459838,-0.405745544,0.378511163,0,2004-2020,82440
440,PAMM,N,4.04799477,-0.400067027,0.480605799,9.20E-262,2004-2020,1826
441,PAMM,NE,4.362120437,-0.398893168,0.445012484,0,2004-2020,2545
442,PAMM,E,3.985252852,-0.362608826,0.346712468,0,2004-2020,23110
443,PAMM,SE,4.36758256,-0.356700541,0.307940071,0,2004-2020,29366
444,PAMM,S,4.846071725,-0.417009011,0.366641589,0,2004-2020,22040
445,PAMM,SW,4.230605358,-0.404271386,0.453135488,0,2004-2020,2738
446,PAMM,W,3.996791642,-0.383411007,0.442440182,5.74E-35,2005-2020,263
447,PAMM,NW,3.910033823,-0.39532899,0.503523416,1.13E-85,2004-2020,552
448,PAOH,All,4.825134645,-0.45263931,0.416609745,0,2002-2020,14911
449,PAOH,N,6.197718555,-0.538753691,0.490159146,5.23E-20,2003-2020,127
450,PAOH,NE,4.573784398,-0.41784411,0.304927123,1.27E-153,2002-2020,1919
451,PAOH,E,4.295629191,-0.40971472,0.392978209,0,2002-2020,11292
452,PAOH,SE,5.598330762,-0.497019876,0.398310148,7.10E-67,2002-2020,590
453,PAOH,S,8.228916978,-0.648584421,0.669384638,2.86E-17,2003-2020,67
454,PAOH,SW,7.756534895,-0.646956003,0.537499226,1.80E-49,2003-2020,286
455,PAOH,W,6.646228945,-0.589501347,0.59649549,2.54E-122,2002-2020,612
456,PAOH,NW,20.10844972,-1.034490991,0.51956151,0.000738223,2003-2020,18
457,PAPG,All,9.705567014,-0.730859939,0.649296002,0,2002-2020,27992
458,PAPG,N,10.32952055,-0.763634994,0.70576738,0,2003-2020,1955
459,PAPG,NE,9.67234692,-0.722230869,0.646042132,0,2002-2020,4080
460,PAPG,E,9.409272179,-0.712304509,0.624558272,0,2002-2020,8869
461,PAPG,SE,9.73560866,-0.733062043,0.650451821,0,2002-2020,7166
462,PAPG,S,9.760174255,-0.733440913,0.641620889,0,2002-2020,3384
463,PAPG,SW,9.290665935,-0.724619704,0.663449962,0,2002-2020,1548
464,PAPG,W,10.48668227,-0.796914876,0.783473991,4.43E-243,2002-2020,727
465,PAPG,NW,11.26142404,-0.833683427,0.79509616,7.94E-92,2003-2020,263
466,PASI,All,5.479464398,-0.472631883,0.542705714,0,2002-2020,39964
467,PASI,N,9.91704287,-0.723013625,0.759866932,0,2003-2020,1113
468,PASI,NE,11.99092944,-0.807062538,0.672977545,2.33E-170,2003-2020,695
469,PASI,E,5.120671934,-0.454157457,0.568906475,0,2002-2020,13927
470,PASI,SE,4.97628442,-0.439033316,0.506385151,0,2002-2020,7952
471,PASI,S,3.530467937,-0.305449559,0.320450198,0,2002-2020,10502
472,PASI,SW,6.170251042,-0.516768489,0.592668471,0,2002-2020,2807
473,PASI,W,7.834973364,-0.591040432,0.658049547,0,2002-2020,2299
474,PASI,NW,11.45645421,-0.738782908,0.708059615,1.74E-180,2003-2020,669
475,PAWG,All,4.311170259,-0.411493242,0.47777713,0,2002-2020,66288
476,PAWG,N,10.72599899,-0.804996214,0.644186874,1.58E-107,2002-2020,472
477,PAWG,NE,3.89151107,-0.366324199,0.367771079,0,2002-2020,4302
478,PAWG,E,3.633479135,-0.352023359,0.401371371,0,2002-2020,28889
479,PAWG,SE,4.036930613,-0.382764379,0.454579198,0,2002-2020,27453
480,PAWG,S,8.651296536,-0.68355499,0.647534532,0,2002-2020,2389
481,PAWG,SW,8.386604612,-0.679668047,0.658333183,6.84E-215,2002-2020,914
482,PAWG,W,5.872063762,-0.543811784,0.520254341,2.49E-215,2002-2020,1338
483,PAWG,NW,6.425264765,-0.612760457,0.624859706,1.04E-114,2002-2020,531
484,PAYA,All,3.234359968,-0.278780408,0.285667689,0,2016-2020,15719
485,PAYA,N,5.2910224,-0.476381031,0.653993692,4.17E-09,2016-2020,35
486,PAYA,NE,3.579951302,-0.330078529,0.48485856,1.60E-66,2016-2020,450
487,PAYA,E,3.8201432,-0.356185858,0.368214718,0,2016-2020,4666
488,PAYA,SE,3.072155028,-0.251451479,0.245104976,0,2016-2020,8130
489,PAYA,S,3.842489282,-0.347617791,0.358606746,4.15E-128,2016-2020,1308
490,PAYA,SW,3.514645558,-0.321842693,0.357315232,9.80E-64,2016-2020,645
491,PAYA,W,4.653242921,-0.437271037,0.451104602,1.53E-56,2016-2020,421
492,PAYA,NW,5.940433948,-0.538883882,0.60153581,5.27E-14,2016-2020,64
493,PBPA2,All,3.998373638,-0.354216861,0.35161069,0,2010-2020,37955
494,PBPA2,N,2.816796385,-0.239771436,0.222074806,0,2010-2020,12716
495,PBPA2,NE,3.022388793,-0.258233052,0.268338327,0,2010-2020,8444
496,PBPA2,E,4.283540929,-0.409232631,0.257492432,6.30E-98,2010-2020,1484
497,PBPA2,SE,3.588667767,-0.486096961,0.30497138,1.43E-74,2010-2020,920
498,PBPA2,S,4.63672727,-0.390127199,0.284815521,0,2010-2020,8080
499,PBPA2,SW,6.09133586,-0.380054679,0.41901967,0,2010-2020,3383
500,PBPA2,W,6.240686597,-0.346157399,0.288682133,4.35E-101,2010-2020,1340
501,PBPA2,NW,3.632102532,-0.379385956,0.172996036,1.84E-67,2010-2020,1588
502,PGXA2,All,2.4820746,-0.18501768,0.383775437,0,2017-2020,128327
503,PGXA2,N,2.604052058,-0.20361329,0.349496322,0,2017-2020,19579
504,PGXA2,NE,2.48950866,-0.077780907,0.017945614,1.51E-09,2017-2020,2019
505,PGXA2,E,2.265678317,-0.16427581,0.370307391,0,2017-2020,24503
506,PGXA2,SE,2.665984778,-0.214802556,0.427711369,0,2017-2020,40020
507,PGXA2,S,2.658946082,-0.258084312,0.50492455,0,2017-2020,3771
508,PGXA2,SW,2.484785942,-0.190320933,0.282011682,1.71E-119,2017-2020,1633
509,PGXA2,W,2.515718848,-0.202529236,0.19962007,2.71E-120,2017-2020,2445
510,PGXA2,NW,2.494710811,-0.176704402,0.310756031,0,2017-2020,34357
511,PLXA2,All,2.45252851,-0.170893931,0.174543211,0,2016-2020,235029
512,PLXA2,N,2.104220105,-0.101614013,0.098679699,0,2016-2020,94627
513,PLXA2,NE,2.533220545,-0.164778367,0.066952597,3.78E-208,2016-2020,13681
514,PLXA2,E,2.726149637,-0.426615256,0.106847265,4.67E-162,2016-2020,6515
515,PLXA2,SE,3.294372086,-0.267089397,0.061308217,1.64E-97,2016-2020,6944
516,PLXA2,S,2.976790184,-0.231312275,0.253397389,0,2016-2020,40627
517,PLXA2,SW,2.575532667,-0.186706769,0.210477624,0,2016-2020,22998
518,PLXA2,W,2.627006151,-0.194870404,0.201788757,0,2016-2020,16677
519,PLXA2,NW,2.12391924,-0.169895446,0.113725942,0,2016-2020,32960
520,RRWA2,All,3.289712731,-0.187212585,0.33405175,0,2016-2020,130049
521,RRWA2,N,3.640459467,-0.287103752,0.359044789,0,2016-2020,9796
522,RRWA2,NE,4.19991948,-0.076761781,0.026965098,1.25E-64,2016-2020,10544
523,RRWA2,E,4.748755428,-0.035069781,0.009970758,1.44E-21,2016-2020,9083
524,RRWA2,SE,3.756550505,-0.191860361,0.31346061,0,2016-2020,9192
525,RRWA2,S,2.95050526,-0.123305158,0.192046619,0,2016-2020,60255
526,RRWA2,SW,4.172878761,0.056783486,0.061035676,1.01E-63,2016-2020,4512
527,RRWA2,W,3.660944646,-0.070716322,0.081900809,7.64E-197,2016-2020,10487
528,RRWA2,NW,3.157463535,-0.185234571,0.302187044,0,2016-2020,16180
529,SAWA2,All,4.074087228,-0.3999611,0.769231961,0,2016-2020,31458
530,SAWA2,N,4.148225633,-0.388571494,0.840038858,0,2016-2020,6699
531,SAWA2,NE,4.235035102,-0.396832424,0.808600361,0,2016-2020,4762
532,SAWA2,E,4.311239835,-0.377846801,0.604654961,0,2016-2020,2141
533,SAWA2,SE,4.313080556,-0.394163768,0.678382466,0,2016-2020,2225
534,SAWA2,S,4.251188035,-0.407550229,0.800709196,0,2016-2020,5848
535,SAWA2,SW,3.720906387,-0.467225781,0.761335772,0,2016-2020,4874
536,SAWA2,W,3.711127326,-0.449795069,0.623970955,0,2016-2020,2216
537,SAWA2,NW,3.755313493,-0.408416334,0.552809047,0,2016-2020,2693
538,SDIA2,All,1.53902841,-0.14431504,0.152277079,0,2016-2020,91912
539,SDIA2,N,1.528580066,-0.111449092,0.098986663,1.58E-103,2016-2020,4481
540,SDIA2,NE,1.667535455,-0.11461205,0.147227254,1.28E-112,2016-2020,3196
541,SDIA2,E,1.483307935,-0.091629832,0.101602728,1.60E-105,2016-2020,4445
542,SDIA2,SE,1.526019076,-0.155544594,0.203882497,0,2016-2020,26197
543,SDIA2,S,1.74093852,-0.238706588,0.232343613,0,2016-2020,21396
544,SDIA2,SW,1.554297247,-0.174511734,0.084519816,1.62E-119,2016-2020,6121
545,SDIA2,W,1.536108589,-0.155970383,0.082826415,9.13E-164,2016-2020,8605
546,SDIA2,NW,1.478924934,-0.126303155,0.126134023,0,2016-2020,17471
547,SECA2,All,1.296910381,-0.28274729,0.50999662,0,2015-2020,269768
548,SECA2,N,1.236340044,-0.343449302,0.63016821,0,2015-2020,26115
549,SECA2,NE,1.163540629,-0.411598363,0.459221732,0,2015-2020,15970
550,SECA2,E,1.308203918,-0.24898173,0.53686211,0,2015-2020,44307
551,SECA2,SE,1.425317462,-0.283364992,0.525206754,0,2015-2020,81420
552,SECA2,S,1.533112312,-0.285094308,0.403998904,0,2015-2020,15376
553,SECA2,SW,1.491902978,-0.291490772,0.366814317,0,2015-2020,12903
554,SECA2,W,1.429191901,-0.394560117,0.576104452,0,2015-2020,19732
555,SECA2,NW,1.222769772,-0.331778626,0.636937223,0,2015-2020,53945
556,SHLA2,All,3.830821115,-0.368158237,0.390561373,0,2002-2020,81616
557,SHLA2,N,3.680102992,-0.360511824,0.381473823,0,2002-2020,33073
558,SHLA2,NE,3.551294774,-0.343961867,0.268328929,0,2002-2020,6684
559,SHLA2,E,3.791185438,-0.425215781,0.464232611,0,2002-2020,8290
560,SHLA2,SE,4.7146368,-0.435599049,0.493816284,0,2002-2020,9473
561,SHLA2,S,4.954952258,-0.367968545,0.4397113,0,2002-2020,4633
562,SHLA2,SW,4.166177775,-0.438144346,0.524961033,0,2002-2020,6925
563,SHLA2,W,3.778211554,-0.393787549,0.446342982,0,2002-2020,8965
564,SHLA2,NW,4.025764799,-0.525761446,0.359817778,0,2002-2020,3573
565,SHXA2,All,2.119453294,-0.126727901,0.088586782,0,2017-2020,127824
566,SHXA2,N,2.122004279,0.016376291,0.002521561,0.000481577,2017-2020,4829
567,SHXA2,NE,2.239700909,0.034704525,0.010303819,9.46E-13,2017-2020,4922
568,SHXA2,E,2.476797516,0.014536411,0.001828572,0.00379418,2017-2020,4581
569,SHXA2,SE,3.217834915,-0.167145941,0.213664547,0,2017-2020,12231
570,SHXA2,S,2.94693421,-0.244166424,0.293321915,0,2017-2020,14351
571,SHXA2,SW,2.202077016,-0.148539506,0.15973823,0,2017-2020,18892
572,SHXA2,W,1.767462348,-0.116617476,0.138625381,0,2017-2020,53423
573,SHXA2,NW,1.936363918,-0.095576006,0.129082884,0,2017-2020,14595
574,SKXA2,All,1.99459647,-0.11035193,0.302729466,0,2017-2020,128339
575,SKXA2,N,1.848515902,-0.068869092,0.14850389,0,2017-2020,52882
576,SKXA2,NE,2.104554518,-0.100638894,0.106503905,9.48E-154,2017-2020,6198
577,SKXA2,E,2.086244534,0.009829259,0.00115063,0.117313266,2017-2020,2133
578,SKXA2,SE,2.100167941,-0.116736196,0.345109944,0,2017-2020,13087
579,SKXA2,S,1.794899759,-0.096053138,0.252253262,0,2017-2020,39184
580,SKXA2,SW,2.046884903,-0.119884721,0.110563818,1.03E-94,2017-2020,3641
581,SKXA2,W,2.134387173,-0.10749453,0.089447995,1.45E-53,2017-2020,2536
582,SKXA2,NW,2.16051735,-0.099074305,0.243832906,0,2017-2020,8678
583,SLXA2,All,2.111516071,-0.113199458,0.200586446,0,2017-2020,127525
584,SLXA2,N,2.075271251,-0.073657111,0.045572104,4.46E-130,2017-2020,12627
585,SLXA2,NE,2.024386755,-0.096167458,0.103256654,0,2017-2020,23837
586,SLXA2,E,2.03286733,-0.093325655,0.182864057,0,2017-2020,32154
587,SLXA2,SE,1.936047067,-0.080520385,0.11059759,0,2017-2020,25721
588,SLXA2,S,2.180573337,-0.12340525,0.22234942,0,2017-2020,6292
589,SLXA2,SW,2.39662179,-0.143589179,0.208892024,1.62E-112,2017-2020,2171
590,SLXA2,W,2.417386919,-0.18158596,0.376499809,0,2017-2020,10870
591,SLXA2,NW,2.368147701,-0.167499922,0.27441466,0,2017-2020,13853
592,SNEA2,All,2.698719259,-0.303671024,0.461670435,0,2012-2020,209211
593,SNEA2,N,2.750284508,-0.328441943,0.559769917,0,2012-2020,44577
594,SNEA2,NE,2.667191576,-0.279231643,0.419715582,0,2012-2020,45722
595,SNEA2,E,2.54647757,-0.266988907,0.353570665,0,2012-2020,33857
596,SNEA2,SE,2.887819644,-0.448269805,0.544578038,0,2012-2020,12070
597,SNEA2,S,2.728898518,-0.359527779,0.556305727,0,2012-2020,24741
598,SNEA2,SW,2.856104537,-0.28587264,0.438579024,0,2012-2020,18976
599,SNEA2,W,2.756195832,-0.260469526,0.411366257,0,2012-2020,16670
600,SNEA2,NW,2.723582952,-0.426252687,0.505988505,0,2012-2020,12598
601,SPCA2,All,2.984737088,-0.354430847,0.739561115,0,2010-2020,51760
602,SPCA2,N,3.04833256,-0.32891854,0.757880439,0,2010-2020,17367
603,SPCA2,NE,3.105438038,-0.381191213,0.662800472,0,2010-2020,7266
604,SPCA2,E,2.941124341,-0.402842391,0.71854941,0,2010-2020,7412
605,SPCA2,SE,2.898238328,-0.390090766,0.777518688,0,2010-2020,6443
606,SPCA2,S,2.87895809,-0.450512644,0.774091931,0,2010-2020,2539
607,SPCA2,SW,2.889700386,-0.488091028,0.810070109,1.42E-283,2010-2020,782
608,SPCA2,W,3.014160408,-0.344281741,0.68433597,0,2010-2020,1765
609,SPCA2,NW,2.957867137,-0.337388768,0.759249663,0,2010-2020,8186
610,STXA2,All,2.304872483,-0.073400005,0.05166666,0,2017-2020,128824
611,STXA2,N,2.358891158,-0.097083264,0.110779134,1.64E-223,2017-2020,8678
612,STXA2,NE,2.508856228,-0.022350299,0.008112946,4.69E-12,2017-2020,5872
613,STXA2,E,2.588336431,0.014032764,0.002573853,0.000189915,2017-2020,5407
614,STXA2,SE,2.322086124,-0.102415861,0.07252568,0,2017-2020,43210
615,STXA2,S,2.242896199,-0.038412765,0.017817274,2.74E-144,2017-2020,36391
616,STXA2,SW,2.3040893,-0.076924831,0.065048661,6.08E-212,2017-2020,14355
617,STXA2,W,2.285733719,-0.172005747,0.304939699,0,2017-2020,6893
618,STXA2,NW,2.24680945,-0.13847591,0.18635401,0,2017-2020,8018
619,SUMQ2,All,2.917342293,-0.299224531,0.572983673,0,2014-2020,27211
620,SUMQ2,N,1.789785945,-0.143896954,0.311500262,8.19E-146,2014-2020,1774
621,SUMQ2,NE,2.622459554,-0.260049507,0.49179635,0,2014-2020,4228
622,SUMQ2,E,3.278206074,-0.342370284,0.595244125,2.58E-296,2014-2020,1499
623,SUMQ2,SE,3.72340409,-0.403596329,0.569595778,8.37E-151,2014-2020,814
624,SUMQ2,S,2.874152326,-0.286571065,0.561227471,0,2014-2020,5180
625,SUMQ2,SW,2.930985708,-0.293714697,0.600962048,0,2014-2020,11243
626,SUMQ2,W,3.495622871,-0.427873166,0.612794871,2.37E-271,2014-2020,1308
627,SUMQ2,NW,2.814738668,-0.361300027,0.563649519,1.14E-211,2015-2020,1165
628,THNA2,All,2.808341776,-0.232148266,0.276463931,0,2015-2020,66141
629,THNA2,N,2.670407732,-0.094770316,0.02595979,1.54E-30,2015-2020,5019
630,THNA2,NE,2.88933932,-0.14459155,0.129192008,1.24E-114,2015-2020,3746
631,THNA2,E,2.650646316,-0.175482779,0.239601775,0,2015-2020,12356
632,THNA2,SE,2.669005835,-0.242869735,0.347252927,0,2015-2020,30460
633,THNA2,S,3.806376796,-0.211742822,0.099430148,4.20E-34,2015-2020,1418
634,THNA2,SW,4.204393076,-0.257490579,0.189202417,7.45E-45,2015-2020,944
635,THNA2,W,3.476752473,-0.236684457,0.167223876,3.45E-120,2015-2020,2972
636,THNA2,NW,2.780354204,-0.217834972,0.159724912,0,2015-2020,9226
637,THOA2,All,3.457765429,-0.310341627,0.348805421,0,2002-2020,98655
638,THOA2,N,3.278525689,-0.3747534,0.338313461,0,2002-2020,12399
639,THOA2,NE,3.537474932,-0.366657908,0.331522822,0,2002-2020,7653
640,THOA2,E,3.838609179,-0.33908237,0.428639415,0,2002-2020,8764
641,THOA2,SE,3.277708924,-0.260257279,0.328176468,0,2002-2020,23606
642,THOA2,S,3.444871803,-0.339872814,0.343909822,0,2002-2020,10244
643,THOA2,SW,3.631215413,-0.331064562,0.326804582,0,2002-2020,7723
644,THOA2,W,3.816641908,-0.352904338,0.457599243,0,2002-2020,15321
645,THOA2,NW,3.621625425,-0.333784216,0.375643146,0,2002-2020,12945
646,TKEA2,All,1.954084026,-0.102363466,0.10073289,0,2012-2019,156784
647,TKEA2,N,2.085539573,-0.114916973,0.071235903,1.78E-290,2012-2019,17955
648,TKEA2,NE,1.914666635,-0.04778405,0.027577515,6.46E-279,2012-2019,45542
649,TKEA2,E,1.564670519,-0.031030614,0.011295625,1.22E-151,2012-2019,60566
650,TKEA2,SE,2.110268819,-0.148876182,0.192825533,1.36E-281,2012-2019,6005
651,TKEA2,S,2.316596376,-0.170891946,0.238096319,1.49E-174,2012-2019,2920
652,TKEA2,SW,2.289377713,-0.135155719,0.170921034,1.87E-69,2014-2019,1658
653,TKEA2,W,2.237395059,-0.201044061,0.362709758,0,2012-2019,9219
654,TKEA2,NW,2.292731555,-0.171136426,0.212098178,0,2013-2019,12919
655,TKHA2,All,2.487924063,-0.100500659,0.075042542,0,2016-2020,92909
656,TKHA2,N,2.460189074,-0.111014429,0.073346077,1.25E-176,2016-2020,10543
657,TKHA2,NE,2.703786114,-0.242033703,0.389058438,0,2016-2020,12967
658,TKHA2,E,2.382000232,-0.113456771,0.096945649,0,2016-2020,20621
659,TKHA2,SE,2.302333715,0.004624761,0.000216538,0.089280073,2016-2020,13335
660,TKHA2,S,2.470423418,-0.070021226,0.037880452,5.58E-116,2016-2020,13573
661,TKHA2,SW,2.506582386,-0.076540651,0.048310693,1.78E-109,2016-2020,9982
662,TKHA2,W,2.572344308,-0.048026078,0.017990412,1.98E-20,2016-2020,4729
663,TKHA2,NW,2.587960573,-0.097068329,0.063793476,1.33E-104,2016-2020,7159
664,TSLA2,All,1.624661455,-0.167322218,0.057331447,0,2012-2020,89876
665,TSLA2,N,1.384995165,-0.074204903,0.007634779,1.13E-20,2012-2020,11344
666,TSLA2,NE,1.805302327,-0.24303447,0.066664599,1.47E-57,2012-2020,3709
667,TSLA2,E,1.703782728,-0.215813151,0.074637412,3.75E-151,2012-2020,8843
668,TSLA2,SE,1.634486969,-0.17359156,0.06614554,0,2012-2020,41141
669,TSLA2,S,1.674635264,-0.1809068,0.081857493,0,2012-2020,19588
670,TSLA2,SW,2.134313859,-0.311143143,0.148205018,1.30E-60,2012-2020,1684
671,TSLA2,W,2.362950963,-0.350219633,0.141102975,6.03E-24,2012-2020,672
672,TSLA2,NW,1.750396391,-0.194292978,0.044593378,1.53E-30,2012-2020,2895
673,ZMBA2,All,3.498698927,-0.297540319,0.351632107,0,2002-2020,93823
674,ZMBA2,N,3.476899422,-0.301859928,0.370223431,0,2002-2020,18890
675,ZMBA2,NE,3.489621409,-0.354678838,0.343268408,0,2002-2020,8654
676,ZMBA2,E,3.554463892,-0.30082289,0.399311917,0,2002-2020,10204
677,ZMBA2,SE,3.939943374,-0.295139048,0.353371507,0,2002-2020,7651
678,ZMBA2,S,3.368671051,-0.268081498,0.305842087,0,2002-2020,20490
679,ZMBA2,SW,3.305529865,-0.313919003,0.402921262,0,2002-2020,13889
680,ZMBA2,W,3.60579146,-0.329136593,0.312248752,0,2002-2020,6210
681,ZMBA2,NW,3.970104056,-0.308554663,0.44991198,0,2002-2020,7835
682,CDEA2,All,3.663344513,-0.335955417,0.380148795,0,2016-2019,19051
683,CDEA2,N,6.380768888,-0.332229137,0.312729228,1.19E-20,2016-2019,234
684,CDEA2,NE,3.46801911,-0.246067329,0.136749972,1.37E-111,2016-2019,3429
685,CDEA2,E,3.484882595,-0.30891394,0.46242751,0,2016-2019,3518
686,CDEA2,SE,3.227870445,-0.26033912,0.339822531,1.45E-197,2016-2019,2168
687,CDEA2,S,3.711680944,-0.322298252,0.379569869,2.29E-187,2016-2019,1788
688,CDEA2,SW,4.158967194,-0.384495298,0.437008707,1.60E-116,2016-2019,919
689,CDEA2,W,3.183860388,-0.329500299,0.424075147,0,2016-2019,4947
690,CDEA2,NW,3.679272329,-0.396172471,0.376600289,3.19E-212,2016-2019,2048
691,EROA2,All,2.331027558,-0.183334242,0.336015189,0,2007-2020,87562
692,EROA2,N,2.019801004,-0.138248359,0.230501877,0,2007-2020,28723
693,EROA2,NE,2.388042664,-0.231346855,0.375280378,0,2007-2020,3314
694,EROA2,E,3.035494219,-0.286014402,0.331258724,1.28E-70,2007-2020,787
695,EROA2,SE,2.996307675,-0.222212701,0.499667112,0,2007-2020,4440
696,EROA2,S,2.35160866,-0.184419614,0.337889906,0,2007-2020,37939
697,EROA2,SW,2.405192259,-0.232907149,0.4300662,0,2007-2020,4013
698,EROA2,W,2.621478063,-0.241031606,0.273168595,3.76E-62,2007-2020,870
699,EROA2,NW,2.380515514,-0.177509352,0.307701817,0,2007-2020,7476
700,ERXA2,All,1.71565361,-0.11203157,0.344296158,0,2015-2020,194174
701,ERXA2,N,1.486170632,-0.065919635,0.182833229,0,2015-2020,69672
702,ERXA2,NE,1.706500506,-0.124342232,0.368510139,0,2015-2020,18620
703,ERXA2,E,2.001628934,-0.180202104,0.13561634,2.56E-103,2015-2020,3199
704,ERXA2,SE,2.056171666,-0.162374968,0.23134354,1.02E-255,2015-2020,4437
705,ERXA2,S,1.744081534,-0.111760491,0.285883238,0,2015-2020,71611
706,ERXA2,SW,1.821706728,-0.141440031,0.501349718,0,2015-2020,18622
707,ERXA2,W,1.912157798,-0.184714239,0.203151065,1.35E-79,2015-2020,1574
708,ERXA2,NW,1.801565681,-0.13807396,0.411905087,0,2015-2020,6439
709,FFIA2,All,1.28522668,-0.03635983,0.039815136,0,2006-2020,113443
710,FFIA2,N,1.206055871,-0.030315499,0.049056817,0,2006-2020,34437
711,FFIA2,NE,1.311869027,-0.068980217,0.082737126,1.62E-177,2006-2020,9347
712,FFIA2,E,1.394130555,-0.077513342,0.097061981,5.58E-148,2006-2020,6576
713,FFIA2,SE,1.426257228,-0.052327062,0.0868016,0,2006-2020,26446
714,FFIA2,S,1.419043598,-0.054637783,0.056104634,1.19E-253,2006-2020,20045
715,FFIA2,SW,1.314565208,-0.085680064,0.127903705,4.18E-209,2006-2020,6961
716,FFIA2,W,1.30595941,-0.097830307,0.126775072,1.22E-172,2006-2020,5790
717,FFIA2,NW,1.344684612,-0.086677792,0.140325565,3.09E-128,2006-2020,3841
718,GIXA2,All,2.28974528,-0.193768501,0.194079261,0,2015-2020,238395
719,GIXA2,N,2.611806323,-0.183044333,0.213084066,0,2015-2020,17118
720,GIXA2,NE,2.872680594,-0.22263441,0.372055716,0,2015-2020,14467
721,GIXA2,E,2.516608309,-0.253616656,0.359770303,0,2015-2020,22445
722,GIXA2,SE,2.580298782,-0.180307245,0.269202544,0,2015-2020,62534
723,GIXA2,S,2.44875637,-0.134870873,0.090066619,1.42E-229,2015-2020,11090
724,GIXA2,SW,2.381827478,-0.114490679,0.040525679,3.17E-124,2015-2020,13586
725,GIXA2,W,1.856032745,-0.18294204,0.173686516,0,2015-2020,63262
726,GIXA2,NW,2.170892469,-0.260824654,0.283436126,0,2015-2020,33893
727,LCNA2,All,2.057546653,-0.143433602,0.166658037,0,2010-2020,66853
728,LCNA2,N,2.247582429,-0.213816578,0.244386363,0,2010-2020,6278
729,LCNA2,NE,2.43121047,-0.197990749,0.165820961,6.66E-72,2010-2020,1776
730,LCNA2,E,2.186606875,-0.182414856,0.185011915,3.41E-302,2010-2020,6751
731,LCNA2,SE,2.059639346,-0.120538688,0.162329873,0,2010-2020,24959
732,LCNA2,S,2.140159972,-0.150080276,0.220235302,0,2010-2020,9415
733,LCNA2,SW,2.549949922,-0.256772617,0.272647263,5.66E-117,2010-2020,1663
734,LCNA2,W,2.171368656,-0.201328844,0.194941795,7.97E-299,2010-2020,6298
735,LCNA2,NW,2.150258451,-0.220248646,0.239872296,0,2010-2020,9713
736,LIXA2,All,1.854016715,-0.099352738,0.252258464,0,2015-2020,247075
737,LIXA2,N,1.782445943,-0.089936238,0.205754246,0,2015-2020,37770
738,LIXA2,NE,1.919292334,-0.162314895,0.230588121,0,2015-2020,8364
739,LIXA2,E,1.75661543,-0.114463739,0.257000211,0,2015-2020,25772
740,LIXA2,SE,1.77746249,-0.090621914,0.165999281,0,2015-2020,70640
741,LIXA2,S,1.951645228,-0.118498136,0.211797384,0,2015-2020,24550
742,LIXA2,SW,2.15916037,-0.11824573,0.144311785,4.31E-173,2015-2020,5050
743,LIXA2,W,2.136015723,-0.091039909,0.097113569,4.88E-154,2015-2020,6845
744,LIXA2,NW,1.915486159,-0.09556963,0.352503321,0,2015-2020,68084
745,LPWA2,All,2.716190924,-0.314776128,0.392705449,0,2013-2014,11043
746,LPWA2,N,2.894098268,-0.284044004,0.482202775,1.26E-209,2013-2014,1453
747,LPWA2,NE,2.552591555,-0.319408133,0.503090684,1.45E-276,2013-2014,1808
748,LPWA2,E,2.489847828,-0.336419099,0.445264366,2.71E-230,2013-2014,1784
749,LPWA2,SE,2.905574648,-0.476890388,0.458258838,9.64E-60,2013-2014,436
750,LPWA2,S,3.628955856,-0.310464874,0.151458378,0.002771099,2013-2014,57
751,LPWA2,SW,2.710226606,-0.284572545,0.214807532,4.44E-210,2013-2014,3959
752,LPWA2,W,2.948082039,-0.395747866,0.408505099,8.52E-144,2013-2014,1244
753,LPWA2,NW,2.884902675,-0.301134329,0.251157503,1.31E-20,2013-2014,302
754,NKXA2,All,2.041574658,-0.133602482,0.299482442,0,2015-2020,247478
755,NKXA2,N,1.961933088,-0.10701899,0.256639362,0,2015-2020,45054
756,NKXA2,NE,1.831447682,-0.09647413,0.217195078,0,2015-2020,67536
757,NKXA2,E,1.863136521,-0.102786011,0.176135251,0,2015-2020,28344
758,NKXA2,SE,2.125494951,-0.144739066,0.34066517,0,2015-2020,21363
759,NKXA2,S,2.234957004,-0.178792198,0.380907118,0,2015-2020,59052
760,NKXA2,SW,2.636081708,-0.237248321,0.391634575,0,2015-2020,11468
761,NKXA2,W,2.213031026,-0.187967761,0.343201637,0,2015-2020,7169
762,NKXA2,NW,2.260176784,-0.162748223,0.27652496,0,2015-2020,7492
763,PAXA2,All,2.987180928,-0.217000784,0.414450433,0,2018-2020,75266
764,PAXA2,N,2.754242889,-0.205244263,0.61584895,0,2018-2020,11841
765,PAXA2,NE,2.603359521,-0.198264811,0.480425967,0,2018-2020,13607
766,PAXA2,E,2.886237804,-0.238163459,0.421505947,0,2018-2020,8217
767,PAXA2,SE,2.983096698,-0.143895425,0.105485275,0,2018-2020,21447
768,PAXA2,S,2.814962937,0.256488341,0.180232832,4.17E-158,2018-2020,3614
769,PAXA2,SW,2.78686424,0.301925835,0.282766124,8.44E-103,2018-2020,1397
770,PAXA2,W,2.498247477,0.0217982,0.002448973,0.00031041,2018-2020,5307
771,PAXA2,NW,2.78511919,-0.171663389,0.320234094,0,2018-2020,9836
772,PEWA2,All,2.029242203,-0.162626703,0.144822193,1.18E-207,2019-2020,6047
773,PEWA2,N,1.728295937,-0.11586265,0.108687061,1.47E-30,2019-2020,1150
774,PEWA2,NE,1.995041965,-0.189018573,0.131529213,5.97E-39,2019-2020,1211
775,PEWA2,E,3.201119643,-0.236502993,0.160209201,9.62E-19,2019-2020,450
776,PEWA2,SE,1.999061244,-0.130569343,0.077888505,2.25E-26,2019-2020,1395
777,PEWA2,S,1.531387167,-0.082601776,0.104322486,1.70E-25,2019-2020,991
778,PEWA2,SW,2.06515421,-0.183511812,0.279608703,5.86E-26,2019-2020,341
779,PEWA2,W,2.18089295,-0.163499132,0.120421526,7.35E-05,2019-2020,125
780,PEWA2,NW,2.569361013,-0.250948875,0.364147361,1.86E-39,2019-2020,384
781,PRTA2,All,3.604376935,-0.28709768,0.373511512,0,2007-2020,75963
782,PRTA2,N,2.628257941,-0.187278226,0.291292426,0,2007-2020,19768
783,PRTA2,NE,3.255059971,-0.341404765,0.39465313,5.13E-234,2007-2020,2128
784,PRTA2,E,4.429163168,-0.344125084,0.408276073,0,2007-2020,3180
785,PRTA2,SE,3.684755521,-0.258712106,0.236418514,0,2007-2020,22034
786,PRTA2,S,4.423238695,-0.354923241,0.348090576,0,2007-2020,10272
787,PRTA2,SW,3.479899884,-0.321087036,0.335721899,0,2007-2020,7340
788,PRTA2,W,2.974823473,-0.277064944,0.316242173,2.46E-235,2007-2020,2825
789,PRTA2,NW,3.28903778,-0.237955816,0.42037146,0,2007-2020,8416
790,PTLA2,All,2.389455058,-0.181853688,0.272019209,0,2015-2020,236653
791,PTLA2,N,1.880950198,-0.113736716,0.210500519,0,2015-2020,45276
792,PTLA2,NE,2.358977473,-0.204536163,0.370643561,0,2015-2020,42065
793,PTLA2,E,2.664860937,-0.221491273,0.380780919,0,2015-2020,43825
794,PTLA2,SE,2.478479986,-0.05334775,0.016546246,1.57E-103,2015-2020,27982
795,PTLA2,S,2.4986178,-0.104122737,0.061215714,0,2015-2020,26006
796,PTLA2,SW,2.200052079,-0.132099277,0.192384452,0,2015-2020,10604
797,PTLA2,W,2.088413765,-0.206700485,0.270256974,0,2015-2020,7190
798,PTLA2,NW,1.769319011,-0.071216494,0.145829513,0,2015-2020,33705
799,RIXA2,All,1.826694882,-0.110849407,0.189176713,0,2015-2020,241058
800,RIXA2,N,1.909456956,-0.122449381,0.282849042,0,2015-2020,68819
801,RIXA2,NE,2.036557518,-0.102538469,0.113724436,0,2015-2020,13269
802,RIXA2,E,1.84914308,-0.11690182,0.172729218,0,2015-2020,52211
803,RIXA2,SE,1.781717697,-0.104758403,0.180970004,0,2015-2020,25815
804,RIXA2,S,1.842525026,-0.110858041,0.079074239,1.18E-164,2015-2020,9081
805,RIXA2,SW,1.803344789,-0.139486304,0.212455007,0,2015-2020,25451
806,RIXA2,W,1.719964391,-0.110372542,0.147605645,0,2015-2020,27526
807,RIXA2,NW,1.910961922,-0.099589358,0.183436817,0,2015-2020,18886
808,SCXA2,All,1.807490081,-0.126092805,0.284904073,0,2015-2020,243189
809,SCXA2,N,1.744325867,-0.107780173,0.166657901,0,2015-2020,26060
810,SCXA2,NE,1.918324375,-0.1382968,0.294031441,0,2015-2020,25528
811,SCXA2,E,1.746926743,-0.117725649,0.230743192,0,2015-2020,78994
812,SCXA2,SE,1.88542481,-0.130655515,0.263217559,0,2015-2020,31401
813,SCXA2,S,1.967710846,-0.168003146,0.353108621,0,2015-2020,12079
814,SCXA2,SW,1.84343998,-0.142549108,0.356464072,0,2015-2020,27457
815,SCXA2,W,1.75967673,-0.125332624,0.247874689,0,2015-2020,15111
816,SCXA2,NW,1.729574142,-0.109432018,0.239438344,0,2015-2020,26559
817,SISA2,All,3.580376241,-0.37131649,0.527648174,0,2016-2020,29204
818,SISA2,N,4.769982642,-0.379900083,0.431079339,1.98E-80,2016-2020,642
819,SISA2,NE,3.40709537,-0.314554125,0.493870889,0,2016-2020,4663
820,SISA2,E,3.114377576,-0.310533293,0.499448893,0,2016-2020,8771
821,SISA2,SE,4.569264916,-0.44081496,0.600581401,0,2016-2020,2829
822,SISA2,S,5.685129459,-0.628593699,0.535759286,1.26E-147,2016-2020,875
823,SISA2,SW,3.620586606,-0.389005491,0.459928212,3.24E-260,2016-2020,1930
824,SISA2,W,3.223407865,-0.395739585,0.532712388,0,2016-2020,5902
825,SISA2,NW,3.421470464,-0.370059066,0.571019266,0,2016-2020,3592
826,46082,All,1.723691716,-0.118423418,0.258700392,0,2006-2013,35275
827,46082,N,1.972853153,-0.181339912,0.332420171,7.19E-187,2006-2013,2106
828,46082,NE,2.038417194,-0.200453442,0.35282992,1.36E-165,2006-2013,1731
829,46082,E,1.58780498,-0.084132758,0.194355552,0,2006-2013,12038
830,46082,SE,1.670614182,-0.10781411,0.223006844,0,2006-2013,6883
831,46082,S,1.831490098,-0.143649179,0.259538523,6.71E-236,2006-2013,3582
832,46082,SW,1.808797916,-0.138965759,0.210146042,1.63E-105,2006-2013,2020
833,46082,W,1.770471332,-0.147911841,0.255215163,4.83E-301,2006-2013,4670
834,46082,NW,1.927528351,-0.179070154,0.357117281,1.86E-217,2006-2013,2245
835,46083,All,1.60210413,-0.095694357,0.182828332,0,2006-2020,82251
836,46083,N,1.835747567,-0.173655615,0.253362999,0,2006-2020,5204
837,46083,NE,1.868487366,-0.159594613,0.193850352,3.41E-82,2006-2020,1714
838,46083,E,1.545915355,-0.074646955,0.161881875,0,2006-2020,14155
839,46083,SE,1.493438509,-0.068373288,0.127558823,0,2006-2020,19417
840,46083,S,1.621152273,-0.102725856,0.170626425,0,2006-2020,11713
841,46083,SW,1.710375227,-0.118432808,0.18639877,1.83E-275,2006-2020,6099
842,46083,W,1.678623856,-0.120177748,0.181747597,0,2006-2020,10747
843,46083,NW,1.69708937,-0.136077108,0.229452677,0,2006-2020,13202
844,46084,All,1.567862608,-0.089064007,0.16333063,0,2006-2020,65956
845,46084,N,1.655867692,-0.117562453,0.210506082,0,2006-2020,6755
846,46084,NE,1.785145275,-0.140265029,0.269198322,9.86E-235,2006-2020,3415
847,46084,E,1.654129383,-0.106053702,0.221642841,0,2006-2020,6017
848,46084,SE,1.439858184,-0.056129317,0.101131872,0,2006-2020,14173
849,46084,S,1.484406162,-0.070343221,0.111856052,7.17665854141721e-316,2006-2020,12172
850,46084,SW,1.654518565,-0.104562759,0.181459693,3.11E-276,2006-2020,6301
851,46084,W,1.575501019,-0.087540172,0.124793496,2.33E-237,2006-2020,8122
852,46084,NW,1.607353454,-0.111148187,0.182639427,0,2006-2020,9001
853,46085,All,1.628243559,-0.093060749,0.165588364,0,2007-2020,108483
854,46085,N,1.801353335,-0.137455012,0.255191127,0,2007-2020,7523
855,46085,NE,1.829640531,-0.138793683,0.271531106,0,2007-2020,5840
856,46085,E,1.629218242,-0.092600614,0.177928473,0,2007-2020,10242
857,46085,SE,1.541109109,-0.075743826,0.132346587,0,2007-2020,12936
858,46085,S,1.584987781,-0.086552951,0.15417409,0,2007-2020,18967
859,46085,SW,1.574698342,-0.078098359,0.116347602,0,2007-2020,17034
860,46085,W,1.596546731,-0.082593931,0.129361343,0,2007-2020,24820
861,46085,NW,1.670816963,-0.104387448,0.194698988,0,2007-2020,11121
862,46145,All,1.503931263,-0.075967262,0.117807622,0,2006-2019,101517
863,46145,N,1.609199946,-0.111182653,0.153158961,3.59E-190,2006-2019,5207
864,46145,NE,1.546959207,-0.082987939,0.126190902,3.21E-146,2006-2019,4918
865,46145,E,1.518926956,-0.077951725,0.137494676,0,2006-2019,16588
866,46145,SE,1.42610622,-0.053623155,0.079583365,0,2006-2019,21865
867,46145,S,1.501615076,-0.079015548,0.114840226,0,2006-2019,12976
868,46145,SW,1.550143585,-0.08187702,0.105417434,1.00E-172,2006-2019,7049
869,46145,W,1.508107635,-0.080779795,0.109157617,0,2006-2019,22652
870,46145,NW,1.509099328,-0.079914587,0.121357583,1.29E-290,2006-2019,10262
871,46205,All,1.575268875,-0.084563623,0.146448622,0,2006-2019,89465
872,46205,N,1.664202582,-0.111224686,0.19605068,0,2006-2019,8272
873,46205,NE,1.695758539,-0.11108083,0.176962413,7.76E-154,2006-2019,3587
874,46205,E,1.604446829,-0.089518541,0.168962723,0,2006-2019,9142
875,46205,SE,1.497938257,-0.063059017,0.116268357,0.00E+00,2006-2019,11407
876,46205,S,1.483512983,-0.063175492,0.101865377,0,2006-2019,19154
877,46205,SW,1.599057971,-0.088631376,0.141410271,0,2006-2019,10788
878,46205,W,1.617853868,-0.0931329,0.146123993,0,2006-2019,13186
879,46205,NW,1.60141238,-0.096333491,0.15703019,0,2006-2019,13929
,,,,,,,,
,,Average:,3.307050507,-0.272975995,0.320800765,,,101827.4747
,,Median:,2.603359521,-0.244554644,0.293490455,,,66853
,,Max:,21.36761277,0.301925835,0.966858114,,,845485
,,Min:,1.163540629,-1.043656178,0.0000227,,,394
,,,,,,,Total:,10080920
