,Day,Gust Factor,Month,Sustained Wind Speed (kts),Year,file
0,13,3.0289308176100627,6,7.95,2016,CSPA2_S.csv
1,13,2.8341625207296848,6,6.03,2016,CSPA2_S.csv
2,13,3.1082474226804124,6,1.94,2016,CSPA2_S.csv
3,18,2.0650684931506853,6,2.92,2016,CSPA2_S.csv
4,20,1.5384615384615383,6,13.0,2016,CSPA2_S.csv
5,20,2.2716981132075467,6,7.95,2016,CSPA2_S.csv
6,24,2.722602739726028,6,2.92,2016,CSPA2_S.csv
7,26,1.46626586506346,6,14.97,2016,CSPA2_S.csv
8,26,2.2149344096871846,6,9.91,2016,CSPA2_S.csv
9,26,1.5678571428571428,6,14.0,2016,CSPA2_S.csv
10,26,2.0181634712411705,6,9.91,2016,CSPA2_S.csv
11,27,1.531062124248497,6,14.97,2016,CSPA2_S.csv
12,27,1.3155583437892095,6,15.94,2016,CSPA2_S.csv
13,30,2.0050314465408805,6,7.95,2016,CSPA2_S.csv
14,30,3.7876712328767126,6,2.92,2016,CSPA2_S.csv
15,4,2.6030927835051547,7,1.94,2016,CSPA2_S.csv
16,4,4.2061855670103085,7,0.97,2016,CSPA2_S.csv
17,5,3.1082474226804124,7,1.94,2016,CSPA2_S.csv
18,7,2.6030927835051547,7,1.94,2016,CSPA2_S.csv
19,8,1.9485294117647056,7,4.08,2016,CSPA2_S.csv
20,9,1.1329987452948556,7,15.94,2016,CSPA2_S.csv
21,10,2.722602739726028,7,2.92,2016,CSPA2_S.csv
22,10,5.2061855670103085,7,0.97,2016,CSPA2_S.csv
23,10,2.4825870646766166,7,6.03,2016,CSPA2_S.csv
24,12,3.3938356164383565,7,2.92,2016,CSPA2_S.csv
25,12,1.7294520547945205,7,2.92,2016,CSPA2_S.csv
26,14,3.384158415841584,7,5.05,2016,CSPA2_S.csv
27,14,4.608247422680412,7,1.94,2016,CSPA2_S.csv
28,14,1.7156862745098038,7,4.08,2016,CSPA2_S.csv
29,16,4.0979381443298974,7,1.94,2016,CSPA2_S.csv
30,18,2.1030927835051547,7,1.94,2016,CSPA2_S.csv
31,21,1.5742574257425743,7,5.05,2016,CSPA2_S.csv
32,22,2.237136465324385,7,8.94,2016,CSPA2_S.csv
33,23,1.4978571428571428,7,14.0,2016,CSPA2_S.csv
34,23,1.204,7,20.0,2016,CSPA2_S.csv
35,23,1.4119601328903657,7,24.08,2016,CSPA2_S.csv
36,23,1.356020942408377,7,22.92,2016,CSPA2_S.csv
37,23,1.3567438148443736,7,25.06,2016,CSPA2_S.csv
38,23,1.1413268832066343,7,28.94,2016,CSPA2_S.csv
39,24,1.4514119601328903,7,24.08,2016,CSPA2_S.csv
40,24,1.3716777408637877,7,24.08,2016,CSPA2_S.csv
41,24,1.5283738674296614,7,20.97,2016,CSPA2_S.csv
42,24,1.4601366742596809,7,21.95,2016,CSPA2_S.csv
43,25,1.5706036745406824,7,19.05,2016,CSPA2_S.csv
44,25,1.8224016145307769,7,9.91,2016,CSPA2_S.csv
45,25,1.46626586506346,7,14.97,2016,CSPA2_S.csv
46,25,2.1308724832214767,7,8.94,2016,CSPA2_S.csv
47,25,1.7224231464737794,7,11.06,2016,CSPA2_S.csv
48,25,1.4008016032064128,7,14.97,2016,CSPA2_S.csv
49,25,1.1611295681063123,7,18.06,2016,CSPA2_S.csv
50,25,1.6130769230769233,7,13.0,2016,CSPA2_S.csv
51,25,2.277142857142857,7,7.0,2016,CSPA2_S.csv
52,28,1.510595358224016,7,9.91,2016,CSPA2_S.csv
53,28,3.1357142857142857,7,7.0,2016,CSPA2_S.csv
54,28,2.1160443995963667,7,9.91,2016,CSPA2_S.csv
55,28,1.510595358224016,7,9.91,2016,CSPA2_S.csv
56,29,1.5384615384615383,7,13.0,2016,CSPA2_S.csv
57,29,1.4206151288445554,7,12.03,2016,CSPA2_S.csv
58,29,1.4008016032064128,7,14.97,2016,CSPA2_S.csv
59,29,2.5742574257425743,7,5.05,2016,CSPA2_S.csv
60,30,1.7156862745098038,7,4.08,2016,CSPA2_S.csv
61,30,2.397260273972603,7,2.92,2016,CSPA2_S.csv
62,3,1.3861386138613865,8,5.05,2016,CSPA2_S.csv
63,11,1.9623762376237623,8,5.05,2016,CSPA2_S.csv
64,12,1.8083182640144664,8,11.06,2016,CSPA2_S.csv
65,12,1.35,8,20.0,2016,CSPA2_S.csv
66,12,1.3630979498861049,8,21.95,2016,CSPA2_S.csv
67,12,1.45413870246085,8,8.94,2016,CSPA2_S.csv
68,13,1.1702750146284375,8,17.09,2016,CSPA2_S.csv
69,14,3.44,8,7.0,2016,CSPA2_S.csv
70,14,1.6824146981627297,8,19.05,2016,CSPA2_S.csv
71,14,1.2495530925992135,8,27.97,2016,CSPA2_S.csv
72,15,2.0723327305605785,8,11.06,2016,CSPA2_S.csv
73,15,1.35,8,20.0,2016,CSPA2_S.csv
74,15,2.0050314465408805,8,7.95,2016,CSPA2_S.csv
75,15,1.3015,8,20.0,2016,CSPA2_S.csv
76,16,1.4469999999999998,8,20.0,2016,CSPA2_S.csv
77,16,1.3333333333333333,8,18.06,2016,CSPA2_S.csv
78,16,2.0106649937264742,8,15.94,2016,CSPA2_S.csv
79,17,1.3333333333333333,8,18.06,2016,CSPA2_S.csv
80,17,1.3411351667641898,8,17.09,2016,CSPA2_S.csv
81,18,1.2742596810933942,8,21.95,2016,CSPA2_S.csv
82,18,1.4096296296296298,8,27.0,2016,CSPA2_S.csv
83,20,3.0616438356164384,8,2.92,2016,CSPA2_S.csv
84,21,1.4779411764705883,8,4.08,2016,CSPA2_S.csv
85,21,2.397260273972603,8,2.92,2016,CSPA2_S.csv
86,23,1.6884615384615385,8,13.0,2016,CSPA2_S.csv
87,23,1.1356893542757416,8,22.92,2016,CSPA2_S.csv
88,1,2.7722772277227725,9,5.05,2016,CSPA2_S.csv
89,1,4.608247422680412,9,1.94,2016,CSPA2_S.csv
90,1,4.0979381443298974,9,1.94,2016,CSPA2_S.csv
91,7,5.2061855670103085,9,0.97,2016,CSPA2_S.csv
92,8,2.0050314465408805,9,7.95,2016,CSPA2_S.csv
93,8,2.8830188679245285,9,7.95,2016,CSPA2_S.csv
94,9,1.1611295681063123,9,18.06,2016,CSPA2_S.csv
95,12,1.3155583437892095,9,15.94,2016,CSPA2_S.csv
96,12,1.2875536480686696,9,20.97,2016,CSPA2_S.csv
97,12,1.6024363233665562,9,18.06,2016,CSPA2_S.csv
98,12,1.2742596810933942,9,21.95,2016,CSPA2_S.csv
99,12,1.6103839441535774,9,22.92,2016,CSPA2_S.csv
100,12,1.38217000691085,9,28.94,2016,CSPA2_S.csv
101,12,1.4967238689547584,9,32.05,2016,CSPA2_S.csv
102,13,1.4220489977728283,9,35.92,2016,CSPA2_S.csv
103,13,1.5155784340287186,9,36.91,2016,CSPA2_S.csv
104,13,1.418812401471361,9,38.06,2016,CSPA2_S.csv
105,16,2.0181634712411705,9,9.91,2016,CSPA2_S.csv
106,16,1.6515,9,20.0,2016,CSPA2_S.csv
107,16,1.3985,9,20.0,2016,CSPA2_S.csv
108,23,1.4157142857142857,9,7.0,2016,CSPA2_S.csv
109,24,1.922300706357215,9,9.91,2016,CSPA2_S.csv
110,25,1.2153931339977853,9,18.06,2016,CSPA2_S.csv
111,29,5.2061855670103085,9,0.97,2016,CSPA2_S.csv
112,29,1.531062124248497,11,14.97,2016,CSPA2_S.csv
113,30,1.7516703786191536,11,35.92,2016,CSPA2_S.csv
114,4,1.8083182640144664,12,11.06,2016,CSPA2_S.csv
115,11,2.3155583437892093,2,15.94,2017,CSPA2_S.csv
116,11,1.5113533151680292,2,33.03,2017,CSPA2_S.csv
117,11,1.183920126116658,2,38.06,2017,CSPA2_S.csv
118,11,1.4880860876249038,2,39.03,2017,CSPA2_S.csv
119,11,1.4442984760903834,2,38.06,2017,CSPA2_S.csv
120,11,1.3116531165311651,2,47.97,2017,CSPA2_S.csv
121,11,1.4819678966020433,2,47.97,2017,CSPA2_S.csv
122,11,1.5186323472915866,2,52.06,2017,CSPA2_S.csv
123,11,1.6276839691473841,2,47.97,2017,CSPA2_S.csv
124,13,1.6555659059152308,2,42.94,2017,CSPA2_S.csv
125,13,1.5224098394830103,2,47.97,2017,CSPA2_S.csv
126,21,4.608247422680412,2,1.94,2017,CSPA2_S.csv
127,6,1.0365830661889497,3,53.03,2017,CSPA2_S.csv
128,17,1.1370902194527228,3,36.91,2017,CSPA2_S.csv
129,20,2.1772151898734173,3,11.06,2017,CSPA2_S.csv
130,20,1.4916943521594686,3,24.08,2017,CSPA2_S.csv
131,20,1.3154855643044618,3,19.05,2017,CSPA2_S.csv
132,20,2.8101265822784813,3,11.06,2017,CSPA2_S.csv
133,20,1.1940069150979638,3,26.03,2017,CSPA2_S.csv
134,20,7.728712871287129,3,5.05,2017,CSPA2_S.csv
135,28,2.22,3,14.0,2017,CSPA2_S.csv
136,28,1.7224231464737794,3,11.06,2017,CSPA2_S.csv
137,28,1.6884615384615385,3,13.0,2017,CSPA2_S.csv
138,30,1.2725450901803608,3,14.97,2017,CSPA2_S.csv
139,30,1.7630769230769232,3,13.0,2017,CSPA2_S.csv
140,30,1.5231129315389118,3,17.09,2017,CSPA2_S.csv
141,30,1.2443890274314215,3,12.03,2017,CSPA2_S.csv
142,30,2.321724709784412,3,6.03,2017,CSPA2_S.csv
143,30,1.7,3,20.0,2017,CSPA2_S.csv
144,30,4.257270693512305,3,8.94,2017,CSPA2_S.csv
145,3,1.6366296079578702,4,17.09,2017,CSPA2_S.csv
146,8,3.1082474226804124,4,1.94,2017,CSPA2_S.csv
147,9,1.7224231464737794,4,11.06,2017,CSPA2_S.csv
148,9,1.195106649937265,4,15.94,2017,CSPA2_S.csv
149,11,5.2061855670103085,4,0.97,2017,CSPA2_S.csv
150,11,2.6030927835051547,4,1.94,2017,CSPA2_S.csv
151,11,5.2061855670103085,4,0.97,2017,CSPA2_S.csv
152,11,4.2061855670103085,4,0.97,2017,CSPA2_S.csv
153,25,4.119863013698629,4,2.92,2017,CSPA2_S.csv
154,25,2.6364285714285707,4,14.0,2017,CSPA2_S.csv
155,27,2.626639757820384,4,9.91,2017,CSPA2_S.csv
156,28,1.389230769230769,4,13.0,2017,CSPA2_S.csv
157,29,1.8960216998191681,4,11.06,2017,CSPA2_S.csv
158,29,2.7722772277227725,4,5.05,2017,CSPA2_S.csv
159,1,2.138571428571429,5,7.0,2017,CSPA2_S.csv
160,1,1.6329113924050631,5,11.06,2017,CSPA2_S.csv
161,1,2.1160443995963667,5,9.91,2017,CSPA2_S.csv
162,2,2.1772151898734173,5,11.06,2017,CSPA2_S.csv
163,2,1.7475,5,20.0,2017,CSPA2_S.csv
164,2,1.6329987452948558,5,15.94,2017,CSPA2_S.csv
165,2,2.132998745294856,5,15.94,2017,CSPA2_S.csv
166,3,1.2470875101598484,5,36.91,2017,CSPA2_S.csv
167,3,1.4108823529411765,5,34.0,2017,CSPA2_S.csv
168,3,1.992109634551495,5,24.08,2017,CSPA2_S.csv
169,3,1.5122265122265124,5,31.08,2017,CSPA2_S.csv
170,3,1.344778254649499,5,34.95,2017,CSPA2_S.csv
171,3,2.5487264673311185,5,18.06,2017,CSPA2_S.csv
172,3,1.7,5,20.0,2017,CSPA2_S.csv
173,3,3.204516938519448,5,15.94,2017,CSPA2_S.csv
174,3,1.4301036825169826,5,27.97,2017,CSPA2_S.csv
175,3,1.4728651237031125,5,25.06,2017,CSPA2_S.csv
176,3,1.3426815213215522,5,26.03,2017,CSPA2_S.csv
177,3,1.4651412227386484,5,27.97,2017,CSPA2_S.csv
178,3,3.7878571428571433,5,14.0,2017,CSPA2_S.csv
179,4,1.796,5,20.0,2017,CSPA2_S.csv
180,4,1.5248691099476441,5,22.92,2017,CSPA2_S.csv
181,4,1.5248691099476441,5,22.92,2017,CSPA2_S.csv
182,4,1.1940069150979638,5,26.03,2017,CSPA2_S.csv
183,4,1.3303703703703704,5,27.0,2017,CSPA2_S.csv
184,7,1.8246051537822112,5,12.03,2017,CSPA2_S.csv
185,8,2.9485294117647056,5,4.08,2017,CSPA2_S.csv
186,8,2.2716981132075467,5,7.95,2017,CSPA2_S.csv
187,14,1.4127144298688197,5,9.91,2017,CSPA2_S.csv
188,14,1.6329113924050631,5,11.06,2017,CSPA2_S.csv
189,14,1.7245206861755802,5,9.91,2017,CSPA2_S.csv
190,14,2.9643564356435648,5,5.05,2017,CSPA2_S.csv
191,15,2.0650684931506853,5,2.92,2017,CSPA2_S.csv
192,16,6.216494845360825,5,0.97,2017,CSPA2_S.csv
193,19,1.3861386138613865,5,5.05,2017,CSPA2_S.csv
194,19,1.3972602739726028,5,2.92,2017,CSPA2_S.csv
195,20,2.191176470588235,5,4.08,2017,CSPA2_S.csv
196,20,3.3938356164383565,5,2.92,2017,CSPA2_S.csv
197,20,3.0616438356164384,5,2.92,2017,CSPA2_S.csv
198,21,1.9515,5,20.0,2017,CSPA2_S.csv
199,21,1.4050805171240643,5,44.09,2017,CSPA2_S.csv
200,22,1.6169265033407572,5,35.92,2017,CSPA2_S.csv
201,22,1.5023529411764704,5,34.0,2017,CSPA2_S.csv
202,22,1.473596256684492,5,29.92,2017,CSPA2_S.csv
203,22,1.3397815912636506,5,32.05,2017,CSPA2_S.csv
204,22,1.344778254649499,5,34.95,2017,CSPA2_S.csv
205,22,1.4664586583463342,5,32.05,2017,CSPA2_S.csv
206,22,1.3503861003861004,5,31.08,2017,CSPA2_S.csv
207,22,1.4455555555555557,5,27.0,2017,CSPA2_S.csv
208,22,1.3196281730425454,5,27.97,2017,CSPA2_S.csv
209,22,1.4651412227386484,5,27.97,2017,CSPA2_S.csv
210,22,1.379946215904725,5,26.03,2017,CSPA2_S.csv
211,22,1.379946215904725,5,26.03,2017,CSPA2_S.csv
212,22,1.4728651237031125,5,25.06,2017,CSPA2_S.csv
213,22,1.5751072961373391,5,20.97,2017,CSPA2_S.csv
214,22,1.6566998892580291,5,18.06,2017,CSPA2_S.csv
215,22,1.441306755260244,5,18.06,2017,CSPA2_S.csv
216,22,1.3338102050548402,5,20.97,2017,CSPA2_S.csv
217,22,1.579871269748391,5,17.09,2017,CSPA2_S.csv
218,22,1.2843768285547104,5,17.09,2017,CSPA2_S.csv
219,22,1.7630769230769232,5,13.0,2017,CSPA2_S.csv
220,22,1.5106649937264742,5,15.94,2017,CSPA2_S.csv
221,30,4.2061855670103085,5,0.97,2017,CSPA2_S.csv
222,2,2.1030927835051547,6,1.94,2017,CSPA2_S.csv
223,3,1.674014696058784,6,14.97,2017,CSPA2_S.csv
224,3,2.1487839771101576,6,20.97,2017,CSPA2_S.csv
225,3,1.6933879461673491,6,17.09,2017,CSPA2_S.csv
226,3,2.39622641509434,6,7.95,2017,CSPA2_S.csv
227,3,2.39622641509434,6,7.95,2017,CSPA2_S.csv
228,3,2.8031319910514543,6,8.94,2017,CSPA2_S.csv
229,13,1.4412296564195295,6,11.06,2017,CSPA2_S.csv
230,13,2.2716981132075467,6,7.95,2017,CSPA2_S.csv
231,13,12.402061855670107,6,0.97,2017,CSPA2_S.csv
232,13,1.1754068716094033,6,11.06,2017,CSPA2_S.csv
233,19,1.3061851709565886,6,26.03,2017,CSPA2_S.csv
234,19,1.4410994764397904,6,22.92,2017,CSPA2_S.csv
235,21,7.216494845360825,6,0.97,2017,CSPA2_S.csv
236,22,1.3861386138613865,6,5.05,2017,CSPA2_S.csv
237,25,2.0650684931506853,6,2.92,2017,CSPA2_S.csv
238,30,1.6085504342017367,6,14.97,2017,CSPA2_S.csv
239,2,1.743142144638404,7,12.03,2017,CSPA2_S.csv
240,3,1.922300706357215,7,9.91,2017,CSPA2_S.csv
241,4,2.6030927835051547,7,1.94,2017,CSPA2_S.csv
242,4,3.1082474226804124,7,1.94,2017,CSPA2_S.csv
243,10,1.3250207813798835,7,12.03,2017,CSPA2_S.csv
244,10,1.4978571428571428,7,14.0,2017,CSPA2_S.csv
245,13,2.6030927835051547,7,1.94,2017,CSPA2_S.csv
246,14,3.3938356164383565,7,2.92,2017,CSPA2_S.csv
247,15,2.0650684931506853,7,2.92,2017,CSPA2_S.csv
248,15,2.397260273972603,7,2.92,2017,CSPA2_S.csv
249,19,3.0616438356164384,7,2.92,2017,CSPA2_S.csv
250,20,5.7010309278350535,7,1.94,2017,CSPA2_S.csv
251,22,4.0979381443298974,7,1.94,2017,CSPA2_S.csv
252,23,4.0979381443298974,7,1.94,2017,CSPA2_S.csv
253,23,1.7294520547945205,7,2.92,2017,CSPA2_S.csv
254,24,1.5742574257425743,7,5.05,2017,CSPA2_S.csv
255,24,1.7156862745098038,7,4.08,2017,CSPA2_S.csv
256,28,4.0979381443298974,7,1.94,2017,CSPA2_S.csv
257,31,1.9623762376237623,7,5.05,2017,CSPA2_S.csv
258,2,3.0616438356164384,8,2.92,2017,CSPA2_S.csv
259,2,1.0,8,1.94,2017,CSPA2_S.csv
260,3,3.1082474226804124,8,1.94,2017,CSPA2_S.csv
261,3,1.3972602739726028,8,2.92,2017,CSPA2_S.csv
262,3,2.397260273972603,8,2.92,2017,CSPA2_S.csv
263,3,4.2061855670103085,8,0.97,2017,CSPA2_S.csv
264,3,5.2061855670103085,8,0.97,2017,CSPA2_S.csv
265,4,1.9485294117647056,8,4.08,2017,CSPA2_S.csv
266,6,3.608247422680413,8,1.94,2017,CSPA2_S.csv
267,7,1.8830188679245283,8,7.95,2017,CSPA2_S.csv
268,7,9.216494845360824,8,0.97,2017,CSPA2_S.csv
269,7,4.608247422680412,8,1.94,2017,CSPA2_S.csv
270,7,2.0650684931506853,8,2.92,2017,CSPA2_S.csv
271,8,3.1082474226804124,8,1.94,2017,CSPA2_S.csv
272,8,3.0103092783505154,8,0.97,2017,CSPA2_S.csv
273,8,2.397260273972603,8,2.92,2017,CSPA2_S.csv
274,11,4.0979381443298974,8,1.94,2017,CSPA2_S.csv
275,13,1.3411351667641898,8,17.09,2017,CSPA2_S.csv
276,17,1.6329113924050631,8,11.06,2017,CSPA2_S.csv
277,17,1.5659955257270697,8,8.94,2017,CSPA2_S.csv
278,18,1.4825870646766168,8,6.03,2017,CSPA2_S.csv
279,18,2.722602739726028,8,2.92,2017,CSPA2_S.csv
280,19,2.6434494195688223,8,6.03,2017,CSPA2_S.csv
281,19,1.6744966442953022,8,8.94,2017,CSPA2_S.csv
282,19,1.2843768285547104,8,17.09,2017,CSPA2_S.csv
283,20,1.6744966442953022,8,8.94,2017,CSPA2_S.csv
284,20,1.2300683371298406,8,21.95,2017,CSPA2_S.csv
285,20,1.72,8,14.0,2017,CSPA2_S.csv
286,22,1.6130769230769233,8,13.0,2017,CSPA2_S.csv
287,22,1.220331588132635,8,22.92,2017,CSPA2_S.csv
288,22,3.431372549019608,8,4.08,2017,CSPA2_S.csv
289,24,2.9485294117647056,8,4.08,2017,CSPA2_S.csv
290,24,2.722602739726028,8,2.92,2017,CSPA2_S.csv
291,26,1.3333333333333333,8,18.06,2017,CSPA2_S.csv
292,27,1.8855643044619423,8,19.05,2017,CSPA2_S.csv
293,27,1.1780104712041883,8,22.92,2017,CSPA2_S.csv
294,27,1.7339407744874715,8,21.95,2017,CSPA2_S.csv
295,27,2.429868819374369,8,9.91,2017,CSPA2_S.csv
296,27,1.5047835990888383,8,21.95,2017,CSPA2_S.csv
297,27,2.2064128256513027,8,14.97,2017,CSPA2_S.csv
298,27,2.3821782178217816,8,5.05,2017,CSPA2_S.csv
299,27,1.2725450901803608,8,14.97,2017,CSPA2_S.csv
300,27,1.3770388958594728,8,15.94,2017,CSPA2_S.csv
301,31,1.579871269748391,8,17.09,2017,CSPA2_S.csv
302,31,1.927692307692308,8,13.0,2017,CSPA2_S.csv
303,2,1.9485294117647056,9,4.08,2017,CSPA2_S.csv
304,7,1.6024363233665562,9,18.06,2017,CSPA2_S.csv
305,7,1.5012468827930174,9,12.03,2017,CSPA2_S.csv
306,8,1.7630769230769232,9,13.0,2017,CSPA2_S.csv
307,8,1.510595358224016,9,9.91,2017,CSPA2_S.csv
308,8,1.1702750146284375,9,17.09,2017,CSPA2_S.csv
309,10,4.188725490196078,9,4.08,2017,CSPA2_S.csv
310,10,2.1772151898734173,9,11.06,2017,CSPA2_S.csv
311,10,1.5452079566003616,9,11.06,2017,CSPA2_S.csv
312,10,1.9950248756218905,9,6.03,2017,CSPA2_S.csv
313,11,1.4779411764705883,9,4.08,2017,CSPA2_S.csv
314,11,2.0650684931506853,9,2.92,2017,CSPA2_S.csv
315,11,3.608247422680413,9,1.94,2017,CSPA2_S.csv
316,13,4.608247422680412,9,1.94,2017,CSPA2_S.csv
317,21,3.1082474226804124,9,1.94,2017,CSPA2_S.csv
318,22,1.5835411471321696,9,12.03,2017,CSPA2_S.csv
319,27,3.4776119402985066,9,6.03,2017,CSPA2_S.csv
320,28,1.4493318485523383,9,35.92,2017,CSPA2_S.csv
321,28,1.6884615384615385,9,13.0,2017,CSPA2_S.csv
322,28,1.5452079566003616,9,11.06,2017,CSPA2_S.csv
323,28,1.3607142857142858,9,14.0,2017,CSPA2_S.csv
324,28,1.4653846153846155,9,13.0,2017,CSPA2_S.csv
325,28,6.216494845360825,9,0.97,2017,CSPA2_S.csv
326,28,2.1900990099009903,9,5.05,2017,CSPA2_S.csv
327,5,1.5751072961373391,10,20.97,2017,CSPA2_S.csv
328,5,1.6688888888888889,10,27.0,2017,CSPA2_S.csv
329,6,1.5248691099476441,10,22.92,2017,CSPA2_S.csv
330,6,1.4664586583463342,10,32.05,2017,CSPA2_S.csv
331,6,1.4664586583463342,10,32.05,2017,CSPA2_S.csv
332,6,2.39622641509434,10,7.95,2017,CSPA2_S.csv
333,6,1.6434494195688223,10,6.03,2017,CSPA2_S.csv
334,8,3.1862745098039214,10,4.08,2017,CSPA2_S.csv
335,8,1.4206151288445554,10,12.03,2017,CSPA2_S.csv
336,8,1.356020942408377,10,22.92,2017,CSPA2_S.csv
337,8,1.3985,10,40.0,2017,CSPA2_S.csv
338,8,1.486906347092765,10,45.06,2017,CSPA2_S.csv
339,10,4.2061855670103085,10,0.97,2017,CSPA2_S.csv
340,10,4.2061855670103085,10,0.97,2017,CSPA2_S.csv
341,16,2.0761523046092183,10,14.97,2017,CSPA2_S.csv
342,16,1.674014696058784,10,14.97,2017,CSPA2_S.csv
343,16,1.1146869514335869,10,17.09,2017,CSPA2_S.csv
344,16,2.72452068617558,10,9.91,2017,CSPA2_S.csv
345,16,1.3155583437892095,10,15.94,2017,CSPA2_S.csv
346,17,1.510595358224016,10,9.91,2017,CSPA2_S.csv
347,17,1.1515384615384616,10,13.0,2017,CSPA2_S.csv
348,17,2.4414285714285717,10,7.0,2017,CSPA2_S.csv
349,18,1.5191601049868766,10,19.05,2017,CSPA2_S.csv
350,20,2.22,10,14.0,2017,CSPA2_S.csv
351,20,2.0723327305605785,10,11.06,2017,CSPA2_S.csv
352,21,1.7388109552438211,10,14.97,2017,CSPA2_S.csv
353,21,1.5106649937264742,10,15.94,2017,CSPA2_S.csv
354,21,1.0,10,34.0,2017,CSPA2_S.csv
355,23,1.8830188679245283,10,7.95,2017,CSPA2_S.csv
356,23,1.3770388958594728,10,15.94,2017,CSPA2_S.csv
357,25,1.3333333333333333,10,18.06,2017,CSPA2_S.csv
358,25,1.6329987452948558,10,15.94,2017,CSPA2_S.csv
359,26,2.1496855345911947,10,7.95,2017,CSPA2_S.csv
360,26,1.8830188679245283,10,7.95,2017,CSPA2_S.csv
361,26,1.8753657109420712,10,17.09,2017,CSPA2_S.csv
362,27,1.2996477919263074,10,36.91,2017,CSPA2_S.csv
363,27,1.3087368690750705,10,39.03,2017,CSPA2_S.csv
364,30,1.409011117612639,10,17.09,2017,CSPA2_S.csv
365,15,1.19925,11,40.0,2017,CSPA2_S.csv
366,29,1.4378920953575909,11,15.94,2017,CSPA2_S.csv
367,29,2.1160443995963667,11,9.91,2017,CSPA2_S.csv
368,29,1.4412296564195295,11,11.06,2017,CSPA2_S.csv
369,29,2.0774142059058263,11,25.06,2017,CSPA2_S.csv
370,30,1.4173228346456692,11,19.05,2017,CSPA2_S.csv
371,30,1.379946215904725,11,26.03,2017,CSPA2_S.csv
372,30,1.1950405340963282,11,20.97,2017,CSPA2_S.csv
373,30,3.1357142857142857,11,7.0,2017,CSPA2_S.csv
374,30,1.4378920953575909,11,15.94,2017,CSPA2_S.csv
375,30,1.253,11,20.0,2017,CSPA2_S.csv
376,30,1.241297091082499,11,20.97,2017,CSPA2_S.csv
377,30,1.5721455457967377,11,15.94,2017,CSPA2_S.csv
378,4,1.4514119601328903,12,24.08,2017,CSPA2_S.csv
379,4,1.7028795811518325,12,22.92,2017,CSPA2_S.csv
380,5,3.316749585406302,12,6.03,2017,CSPA2_S.csv
381,5,1.2575687005123428,12,42.94,2017,CSPA2_S.csv
382,6,1.6360294117647058,12,29.92,2017,CSPA2_S.csv
383,6,1.4185971685971688,12,31.08,2017,CSPA2_S.csv
384,6,1.684867394695788,12,32.05,2017,CSPA2_S.csv
385,6,1.409011117612639,12,17.09,2017,CSPA2_S.csv
386,6,2.2892857142857137,12,14.0,2017,CSPA2_S.csv
387,10,1.3309800664451827,12,24.08,2017,CSPA2_S.csv
388,10,1.496,12,20.0,2017,CSPA2_S.csv
389,10,1.4814814814814814,12,27.0,2017,CSPA2_S.csv
390,10,2.0488188976377955,12,19.05,2017,CSPA2_S.csv
391,10,1.3309800664451827,12,24.08,2017,CSPA2_S.csv
392,10,1.4285714285714286,12,14.0,2017,CSPA2_S.csv
393,10,1.8083182640144664,12,11.06,2017,CSPA2_S.csv
394,11,1.2842331069002504,12,27.97,2017,CSPA2_S.csv
395,11,1.7832225913621262,12,24.08,2017,CSPA2_S.csv
396,11,1.8149737720553172,12,20.97,2017,CSPA2_S.csv
397,11,1.674014696058784,12,14.97,2017,CSPA2_S.csv
398,11,1.6884615384615385,12,13.0,2017,CSPA2_S.csv
399,11,1.4285714285714286,12,14.0,2017,CSPA2_S.csv
400,14,1.5248691099476441,12,22.92,2017,CSPA2_S.csv
401,14,1.3185328185328185,12,31.08,2017,CSPA2_S.csv
402,17,1.4412296564195295,12,11.06,2017,CSPA2_S.csv
403,17,1.4653846153846155,12,13.0,2017,CSPA2_S.csv
404,18,1.9846292947558768,12,11.06,2017,CSPA2_S.csv
405,26,1.0970387243735762,12,21.95,2017,CSPA2_S.csv
406,2,1.3486523842432618,1,28.94,2018,CSPA2_S.csv
407,2,1.6938148290434114,1,26.03,2018,CSPA2_S.csv
408,2,1.536688436419516,1,26.03,2018,CSPA2_S.csv
409,2,1.9327091866588648,1,17.09,2018,CSPA2_S.csv
410,2,1.495016611295681,1,18.06,2018,CSPA2_S.csv
411,2,1.6933879461673491,1,17.09,2018,CSPA2_S.csv
412,7,1.5012468827930174,1,12.03,2018,CSPA2_S.csv
413,7,1.6084762865792128,1,9.91,2018,CSPA2_S.csv
414,7,1.7610062893081762,1,7.95,2018,CSPA2_S.csv
415,7,1.7610062893081762,1,7.95,2018,CSPA2_S.csv
416,15,3.247739602169982,1,11.06,2018,CSPA2_S.csv
417,15,1.8805224740683824,1,26.03,2018,CSPA2_S.csv
418,16,1.4159453302961276,1,21.95,2018,CSPA2_S.csv
419,16,1.5303452115812917,1,35.92,2018,CSPA2_S.csv
420,22,2.4056525353283456,1,12.03,2018,CSPA2_S.csv
421,23,2.761006289308176,1,7.95,2018,CSPA2_S.csv
422,23,1.6130769230769233,1,13.0,2018,CSPA2_S.csv
423,7,1.1245173745173749,2,31.08,2018,CSPA2_S.csv
424,12,1.5539999999999998,2,20.0,2018,CSPA2_S.csv
425,14,3.608247422680413,2,1.94,2018,CSPA2_S.csv
426,22,2.4414285714285717,2,7.0,2018,CSPA2_S.csv
427,22,1.6314960629921258,2,19.05,2018,CSPA2_S.csv
428,23,1.5489749430523918,2,21.95,2018,CSPA2_S.csv
429,23,1.369652406417112,2,29.92,2018,CSPA2_S.csv
430,23,1.4027406417112298,2,29.92,2018,CSPA2_S.csv
431,26,1.9116331096196868,2,8.94,2018,CSPA2_S.csv
432,26,1.2300683371298406,2,21.95,2018,CSPA2_S.csv
433,26,1.2786271450858036,2,32.05,2018,CSPA2_S.csv
434,26,1.3823529411764706,2,34.0,2018,CSPA2_S.csv
435,26,1.2507830853563038,2,51.08,2018,CSPA2_S.csv
436,28,1.9327091866588648,2,17.09,2018,CSPA2_S.csv
437,9,3.6650041562759768,3,12.03,2018,CSPA2_S.csv
438,9,1.5544444444444443,3,27.0,2018,CSPA2_S.csv
439,10,1.6314960629921258,3,19.05,2018,CSPA2_S.csv
440,10,1.253,3,20.0,2018,CSPA2_S.csv
441,10,2.1772151898734173,3,11.06,2018,CSPA2_S.csv
442,10,1.4978571428571428,3,14.0,2018,CSPA2_S.csv
443,10,11.28186274509804,3,4.08,2018,CSPA2_S.csv
444,11,1.796,3,20.0,2018,CSPA2_S.csv
445,11,1.8684034736138944,3,14.97,2018,CSPA2_S.csv
446,15,1.9331997327989312,3,14.97,2018,CSPA2_S.csv
447,16,1.389230769230769,3,13.0,2018,CSPA2_S.csv
448,1,4.188725490196078,4,4.08,2018,CSPA2_S.csv
449,9,2.7107843137254903,4,4.08,2018,CSPA2_S.csv
450,9,2.58,4,7.0,2018,CSPA2_S.csv
451,25,1.3567438148443736,4,25.06,2018,CSPA2_S.csv
452,26,1.5659955257270697,4,8.94,2018,CSPA2_S.csv
453,6,1.4119601328903657,5,24.08,2018,CSPA2_S.csv
454,6,1.6515,5,20.0,2018,CSPA2_S.csv
455,6,1.3630979498861049,5,21.95,2018,CSPA2_S.csv
456,6,1.3985,5,20.0,2018,CSPA2_S.csv
457,6,1.4682414698162731,5,19.05,2018,CSPA2_S.csv
458,6,1.2742596810933942,5,21.95,2018,CSPA2_S.csv
459,6,1.4268001907486887,5,20.97,2018,CSPA2_S.csv
460,10,1.269102990033223,5,18.06,2018,CSPA2_S.csv
461,10,3.608247422680413,5,1.94,2018,CSPA2_S.csv
462,11,2.5287588294651866,5,9.91,2018,CSPA2_S.csv
463,11,4.608247422680412,5,1.94,2018,CSPA2_S.csv
464,11,2.2149344096871846,5,9.91,2018,CSPA2_S.csv
465,11,1.3368983957219251,5,29.92,2018,CSPA2_S.csv
466,11,1.2753973738769866,5,28.94,2018,CSPA2_S.csv
467,11,1.4514119601328903,5,24.08,2018,CSPA2_S.csv
468,11,1.4268001907486887,5,20.97,2018,CSPA2_S.csv
469,11,1.4173228346456692,5,19.05,2018,CSPA2_S.csv
470,11,1.3154855643044618,5,19.05,2018,CSPA2_S.csv
471,12,1.409011117612639,5,17.09,2018,CSPA2_S.csv
472,12,7.216494845360825,5,0.97,2018,CSPA2_S.csv
473,13,1.356020942408377,5,22.92,2018,CSPA2_S.csv
474,14,1.6208471760797345,5,24.08,2018,CSPA2_S.csv
475,14,2.1409485637942547,5,14.97,2018,CSPA2_S.csv
476,14,2.8224016145307766,5,9.91,2018,CSPA2_S.csv
477,14,1.3670370370370368,5,27.0,2018,CSPA2_S.csv
478,14,1.574337303111794,5,26.03,2018,CSPA2_S.csv
479,14,1.592255125284738,5,21.95,2018,CSPA2_S.csv
480,14,1.3196281730425454,5,27.97,2018,CSPA2_S.csv
481,14,1.9515,5,20.0,2018,CSPA2_S.csv
482,14,1.4179792547061083,5,26.03,2018,CSPA2_S.csv
483,14,1.592255125284738,5,21.95,2018,CSPA2_S.csv
484,14,1.6566998892580291,5,18.06,2018,CSPA2_S.csv
485,14,1.7475,5,20.0,2018,CSPA2_S.csv
486,14,1.4469999999999998,5,20.0,2018,CSPA2_S.csv
487,14,1.35,5,20.0,2018,CSPA2_S.csv
488,18,3.1082474226804124,5,1.94,2018,CSPA2_S.csv
489,22,1.8455,5,20.0,2018,CSPA2_S.csv
490,22,1.6747805267358338,5,25.06,2018,CSPA2_S.csv
491,22,3.1522012578616345,5,7.95,2018,CSPA2_S.csv
492,22,1.5012468827930174,5,12.03,2018,CSPA2_S.csv
493,22,2.2064128256513027,5,14.97,2018,CSPA2_S.csv
494,23,1.6566998892580291,5,18.06,2018,CSPA2_S.csv
495,23,2.9957142857142856,5,7.0,2018,CSPA2_S.csv
496,23,1.4412296564195295,5,11.06,2018,CSPA2_S.csv
497,23,2.7107843137254903,5,4.08,2018,CSPA2_S.csv
498,24,1.7185714285714284,5,7.0,2018,CSPA2_S.csv
499,24,1.510595358224016,5,9.91,2018,CSPA2_S.csv
500,24,3.2742857142857145,5,7.0,2018,CSPA2_S.csv
501,24,3.2371364653243853,5,8.94,2018,CSPA2_S.csv
502,27,3.1600361663652805,5,11.06,2018,CSPA2_S.csv
503,29,3.1082474226804124,5,1.94,2018,CSPA2_S.csv
504,30,2.0650684931506853,5,2.92,2018,CSPA2_S.csv
505,31,1.9485294117647056,5,4.08,2018,CSPA2_S.csv
506,2,13.402061855670107,6,0.97,2018,CSPA2_S.csv
507,8,2.325020781379884,6,12.03,2018,CSPA2_S.csv
508,10,8.195876288659795,6,0.97,2018,CSPA2_S.csv
509,17,1.58,6,7.0,2018,CSPA2_S.csv
510,17,3.7876712328767126,6,2.92,2018,CSPA2_S.csv
511,17,1.2207142857142856,6,14.0,2018,CSPA2_S.csv
512,17,1.8224016145307769,6,9.91,2018,CSPA2_S.csv
513,17,1.8571428571428568,6,7.0,2018,CSPA2_S.csv
514,22,1.7702970297029703,6,5.05,2018,CSPA2_S.csv
515,23,2.397260273972603,6,2.92,2018,CSPA2_S.csv
516,29,1.4412296564195295,6,11.06,2018,CSPA2_S.csv
517,4,1.6434494195688223,7,6.03,2018,CSPA2_S.csv
518,6,1.510595358224016,7,9.91,2018,CSPA2_S.csv
519,7,1.7245206861755802,7,9.91,2018,CSPA2_S.csv
520,7,2.3821782178217816,7,5.05,2018,CSPA2_S.csv
521,7,3.1082474226804124,7,1.94,2018,CSPA2_S.csv
522,8,7.216494845360825,7,0.97,2018,CSPA2_S.csv
523,8,1.7156862745098038,7,4.08,2018,CSPA2_S.csv
524,8,4.0979381443298974,7,1.94,2018,CSPA2_S.csv
525,8,1.3861386138613865,7,5.05,2018,CSPA2_S.csv
526,9,2.6377358490566034,7,7.95,2018,CSPA2_S.csv
527,9,1.2875536480686696,7,20.97,2018,CSPA2_S.csv
528,10,1.5659955257270697,7,8.94,2018,CSPA2_S.csv
529,10,1.389230769230769,7,13.0,2018,CSPA2_S.csv
530,10,1.5012468827930174,7,12.03,2018,CSPA2_S.csv
531,10,1.264041994750656,7,19.05,2018,CSPA2_S.csv
532,10,1.2944444444444445,7,27.0,2018,CSPA2_S.csv
533,10,1.5191601049868766,7,19.05,2018,CSPA2_S.csv
534,13,5.108247422680413,7,1.94,2018,CSPA2_S.csv
535,13,3.1082474226804124,7,1.94,2018,CSPA2_S.csv
536,14,1.2139253279515638,7,9.91,2018,CSPA2_S.csv
537,14,1.1754068716094033,7,11.06,2018,CSPA2_S.csv
538,14,1.7829977628635347,7,8.94,2018,CSPA2_S.csv
539,14,1.7185714285714284,7,7.0,2018,CSPA2_S.csv
540,14,3.3938356164383565,7,2.92,2018,CSPA2_S.csv
541,15,1.510595358224016,7,9.91,2018,CSPA2_S.csv
542,15,1.5452079566003616,7,11.06,2018,CSPA2_S.csv
543,15,1.510595358224016,7,9.91,2018,CSPA2_S.csv
544,15,2.2716981132075467,7,7.95,2018,CSPA2_S.csv
545,15,1.3664041994750655,7,19.05,2018,CSPA2_S.csv
546,16,2.1637572734829598,7,12.03,2018,CSPA2_S.csv
547,16,1.1809081158383985,7,27.97,2018,CSPA2_S.csv
548,16,1.6329987452948558,7,15.94,2018,CSPA2_S.csv
549,16,1.2270333528379171,7,17.09,2018,CSPA2_S.csv
550,16,1.4008016032064128,7,14.97,2018,CSPA2_S.csv
551,18,1.2377450980392155,7,4.08,2018,CSPA2_S.csv
552,19,11.402061855670107,7,0.97,2018,CSPA2_S.csv
553,19,1.4779411764705883,7,4.08,2018,CSPA2_S.csv
554,19,2.0650684931506853,7,2.92,2018,CSPA2_S.csv
555,24,8.195876288659795,7,0.97,2018,CSPA2_S.csv
556,30,3.608247422680413,7,1.94,2018,CSPA2_S.csv
557,3,1.241297091082499,8,20.97,2018,CSPA2_S.csv
558,3,1.2875536480686696,8,20.97,2018,CSPA2_S.csv
559,3,1.1702750146284375,8,17.09,2018,CSPA2_S.csv
560,3,2.321724709784412,8,6.03,2018,CSPA2_S.csv
561,7,1.262652705061082,8,22.92,2018,CSPA2_S.csv
562,7,1.4160331720801658,8,28.94,2018,CSPA2_S.csv
563,7,1.557462090981644,8,25.06,2018,CSPA2_S.csv
564,7,1.369652406417112,8,29.92,2018,CSPA2_S.csv
565,7,1.576331784054344,8,27.97,2018,CSPA2_S.csv
566,7,1.315134761575674,8,28.94,2018,CSPA2_S.csv
567,7,1.5187549880287312,8,25.06,2018,CSPA2_S.csv
568,7,1.4916943521594686,8,24.08,2018,CSPA2_S.csv
569,7,1.5489749430523918,8,21.95,2018,CSPA2_S.csv
570,7,1.5328073089700995,8,24.08,2018,CSPA2_S.csv
571,8,1.0718518518518518,8,27.0,2018,CSPA2_S.csv
572,8,1.1940069150979638,8,26.03,2018,CSPA2_S.csv
573,8,1.2689204763734152,8,26.03,2018,CSPA2_S.csv
574,8,1.2944444444444445,8,27.0,2018,CSPA2_S.csv
575,8,1.2233333333333334,8,27.0,2018,CSPA2_S.csv
576,8,1.2720588235294117,8,29.92,2018,CSPA2_S.csv
577,8,1.315134761575674,8,28.94,2018,CSPA2_S.csv
578,8,1.3607436539149091,8,27.97,2018,CSPA2_S.csv
579,8,1.2245817245817248,8,31.08,2018,CSPA2_S.csv
580,8,1.3044786096256684,8,29.92,2018,CSPA2_S.csv
581,8,1.3503861003861004,8,31.08,2018,CSPA2_S.csv
582,8,1.3607436539149091,8,27.97,2018,CSPA2_S.csv
583,8,1.3954236682159458,8,27.97,2018,CSPA2_S.csv
584,8,1.4455555555555557,8,27.0,2018,CSPA2_S.csv
585,8,1.4469999999999998,8,20.0,2018,CSPA2_S.csv
586,8,1.356020942408377,8,22.92,2018,CSPA2_S.csv
587,8,1.4333599361532323,8,25.06,2018,CSPA2_S.csv
588,8,1.4728651237031125,8,25.06,2018,CSPA2_S.csv
589,8,1.4096296296296298,8,27.0,2018,CSPA2_S.csv
590,8,1.4185971685971688,8,31.08,2018,CSPA2_S.csv
591,8,1.3348471086890703,8,33.03,2018,CSPA2_S.csv
592,9,1.5903703703703702,8,27.0,2018,CSPA2_S.csv
593,9,1.24804992199688,8,32.05,2018,CSPA2_S.csv
594,9,1.4728651237031125,8,25.06,2018,CSPA2_S.csv
595,9,1.379946215904725,8,26.03,2018,CSPA2_S.csv
596,9,1.2899999999999998,8,14.0,2018,CSPA2_S.csv
597,10,1.2843768285547104,8,17.09,2018,CSPA2_S.csv
598,10,1.2843768285547104,8,17.09,2018,CSPA2_S.csv
599,10,1.2899999999999998,8,14.0,2018,CSPA2_S.csv
600,10,1.5452079566003616,8,11.06,2018,CSPA2_S.csv
601,12,4.2061855670103085,8,0.97,2018,CSPA2_S.csv
602,12,2.0650684931506853,8,2.92,2018,CSPA2_S.csv
603,12,1.9623762376237623,8,5.05,2018,CSPA2_S.csv
604,12,3.3938356164383565,8,2.92,2018,CSPA2_S.csv
605,12,1.7156862745098038,8,4.08,2018,CSPA2_S.csv
606,13,1.3184510250569477,8,21.95,2018,CSPA2_S.csv
607,13,1.4994237418363427,8,26.03,2018,CSPA2_S.csv
608,13,1.3567438148443736,8,25.06,2018,CSPA2_S.csv
609,13,1.200534759358289,8,29.92,2018,CSPA2_S.csv
610,14,1.379946215904725,8,26.03,2018,CSPA2_S.csv
611,15,1.9485294117647056,8,4.08,2018,CSPA2_S.csv
612,15,1.4127144298688197,8,9.91,2018,CSPA2_S.csv
613,15,2.0,8,7.0,2018,CSPA2_S.csv
614,15,1.336005344021376,8,14.97,2018,CSPA2_S.csv
615,16,1.2899999999999998,8,14.0,2018,CSPA2_S.csv
616,16,2.397260273972603,8,2.92,2018,CSPA2_S.csv
617,16,4.0979381443298974,8,1.94,2018,CSPA2_S.csv
618,17,4.0979381443298974,8,1.94,2018,CSPA2_S.csv
619,19,4.0979381443298974,8,1.94,2018,CSPA2_S.csv
620,20,2.6030927835051547,8,1.94,2018,CSPA2_S.csv
621,20,2.6030927835051547,8,1.94,2018,CSPA2_S.csv
622,21,1.7245206861755802,8,9.91,2018,CSPA2_S.csv
623,24,1.5132075471698112,8,7.95,2018,CSPA2_S.csv
624,24,1.45413870246085,8,8.94,2018,CSPA2_S.csv
625,26,2.0650684931506853,8,2.92,2018,CSPA2_S.csv
626,28,1.4653846153846155,8,13.0,2018,CSPA2_S.csv
627,28,1.7829977628635347,8,8.94,2018,CSPA2_S.csv
628,28,2.1900990099009903,8,5.05,2018,CSPA2_S.csv
629,29,5.2061855670103085,8,0.97,2018,CSPA2_S.csv
630,29,3.1082474226804124,8,1.94,2018,CSPA2_S.csv
631,30,1.3861386138613865,8,5.05,2018,CSPA2_S.csv
632,30,1.1940594059405942,8,5.05,2018,CSPA2_S.csv
633,1,9.216494845360824,9,0.97,2018,CSPA2_S.csv
634,1,1.4412296564195295,9,11.06,2018,CSPA2_S.csv
635,6,9.216494845360824,9,0.97,2018,CSPA2_S.csv
636,6,2.6030927835051547,9,1.94,2018,CSPA2_S.csv
637,13,7.216494845360825,9,0.97,2018,CSPA2_S.csv
638,14,7.216494845360825,9,0.97,2018,CSPA2_S.csv
639,21,3.0103092783505154,9,0.97,2018,CSPA2_S.csv
640,22,1.7294520547945205,9,2.92,2018,CSPA2_S.csv
641,22,1.4285714285714286,9,14.0,2018,CSPA2_S.csv
642,22,1.3154855643044618,9,19.05,2018,CSPA2_S.csv
643,22,1.1950405340963282,9,20.97,2018,CSPA2_S.csv
644,22,1.3184510250569477,9,21.95,2018,CSPA2_S.csv
645,22,1.2906976744186047,9,24.08,2018,CSPA2_S.csv
646,23,1.2233333333333334,9,27.0,2018,CSPA2_S.csv
647,23,1.4728651237031125,9,25.06,2018,CSPA2_S.csv
648,23,1.3180367118914609,9,25.06,2018,CSPA2_S.csv
649,23,1.3985,9,20.0,2018,CSPA2_S.csv
650,23,1.2402234636871508,9,25.06,2018,CSPA2_S.csv
651,23,1.278930566640064,9,25.06,2018,CSPA2_S.csv
652,23,1.3716777408637877,9,24.08,2018,CSPA2_S.csv
653,25,1.201827242524917,9,24.08,2018,CSPA2_S.csv
654,25,1.2906976744186047,9,24.08,2018,CSPA2_S.csv
655,25,1.2842331069002504,9,27.97,2018,CSPA2_S.csv
656,25,1.3426815213215522,9,26.03,2018,CSPA2_S.csv
657,25,1.4008016032064128,9,14.97,2018,CSPA2_S.csv
658,26,2.5742574257425743,9,5.05,2018,CSPA2_S.csv
659,26,1.4378920953575909,9,15.94,2018,CSPA2_S.csv
660,3,3.1082474226804124,10,1.94,2018,CSPA2_S.csv
661,12,7.216494845360825,10,0.97,2018,CSPA2_S.csv
662,14,1.8455,10,20.0,2018,CSPA2_S.csv
663,14,1.3354677060133628,10,35.92,2018,CSPA2_S.csv
664,14,1.35,10,40.0,2018,CSPA2_S.csv
665,14,1.4630181522622596,10,36.91,2018,CSPA2_S.csv
666,14,1.3173055114538443,10,44.09,2018,CSPA2_S.csv
667,14,1.4878900791802516,10,42.94,2018,CSPA2_S.csv
668,14,1.4763363028953234,10,35.92,2018,CSPA2_S.csv
669,14,1.3979972054028875,10,42.94,2018,CSPA2_S.csv
670,14,1.4303073624017155,10,41.97,2018,CSPA2_S.csv
671,14,1.5353831137140068,10,40.98,2018,CSPA2_S.csv
672,14,1.2736883320281909,10,51.08,2018,CSPA2_S.csv
673,14,1.486906347092765,10,45.06,2018,CSPA2_S.csv
674,14,1.2914321450906818,10,47.97,2018,CSPA2_S.csv
675,14,1.3669346078644362,10,46.03,2018,CSPA2_S.csv
676,14,1.344778254649499,10,34.95,2018,CSPA2_S.csv
677,14,1.2733676510430778,10,36.91,2018,CSPA2_S.csv
678,14,1.2866333095067906,10,41.97,2018,CSPA2_S.csv
679,14,1.6055101422948834,10,33.03,2018,CSPA2_S.csv
680,15,1.2467679745974145,10,44.09,2018,CSPA2_S.csv
681,15,1.423,10,40.0,2018,CSPA2_S.csv
682,15,1.3562068143912318,10,41.97,2018,CSPA2_S.csv
683,15,1.3322237017310252,10,45.06,2018,CSPA2_S.csv
684,15,1.4172767203513907,10,40.98,2018,CSPA2_S.csv
685,15,1.3252226808603085,10,46.03,2018,CSPA2_S.csv
686,15,1.4205868653935725,10,42.94,2018,CSPA2_S.csv
687,15,1.5353831137140068,10,40.98,2018,CSPA2_S.csv
688,15,1.4762499999999998,10,40.0,2018,CSPA2_S.csv
689,15,1.3979972054028875,10,42.94,2018,CSPA2_S.csv
690,15,1.2801583605030276,10,42.94,2018,CSPA2_S.csv
691,15,1.418812401471361,10,38.06,2018,CSPA2_S.csv
692,15,1.4367380113790302,10,36.91,2018,CSPA2_S.csv
693,15,1.326198862096993,10,36.91,2018,CSPA2_S.csv
694,15,1.4108823529411765,10,34.0,2018,CSPA2_S.csv
695,15,1.7048148148148148,10,27.0,2018,CSPA2_S.csv
696,15,1.3185328185328185,10,31.08,2018,CSPA2_S.csv
697,15,1.4027406417112298,10,29.92,2018,CSPA2_S.csv
698,15,1.4837595024187973,10,28.94,2018,CSPA2_S.csv
699,15,1.3954236682159458,10,27.97,2018,CSPA2_S.csv
700,15,1.4814814814814814,10,27.0,2018,CSPA2_S.csv
701,18,2.72452068617558,10,9.91,2018,CSPA2_S.csv
702,18,2.0050314465408805,10,7.95,2018,CSPA2_S.csv
703,18,1.1702750146284375,10,17.09,2018,CSPA2_S.csv
704,19,1.7723930481283416,10,29.92,2018,CSPA2_S.csv
705,19,1.4397058823529412,10,34.0,2018,CSPA2_S.csv
706,19,1.6546021840873637,10,32.05,2018,CSPA2_S.csv
707,19,1.5122265122265124,10,31.08,2018,CSPA2_S.csv
708,19,1.422948834392976,10,33.03,2018,CSPA2_S.csv
709,20,1.302748020493712,10,42.94,2018,CSPA2_S.csv
710,21,1.7547051442910917,10,15.94,2018,CSPA2_S.csv
711,21,1.5106649937264742,10,15.94,2018,CSPA2_S.csv
712,21,1.264041994750656,10,19.05,2018,CSPA2_S.csv
713,24,5.154228855721391,10,6.03,2018,CSPA2_S.csv
714,25,1.7683442182097582,10,26.03,2018,CSPA2_S.csv
715,25,1.5575663026521065,10,32.05,2018,CSPA2_S.csv
716,25,1.5434362934362935,10,31.08,2018,CSPA2_S.csv
717,25,1.5060160427807487,10,29.92,2018,CSPA2_S.csv
718,25,1.2544543429844095,10,35.92,2018,CSPA2_S.csv
719,25,1.7686615186615189,10,31.08,2018,CSPA2_S.csv
720,25,1.923647469458988,10,22.92,2018,CSPA2_S.csv
721,25,1.6605584642233857,10,22.92,2018,CSPA2_S.csv
722,25,1.8311518324607328,10,22.92,2018,CSPA2_S.csv
723,26,1.379946215904725,10,26.03,2018,CSPA2_S.csv
724,26,2.1925972396486832,10,15.94,2018,CSPA2_S.csv
725,27,1.2207142857142856,10,14.0,2018,CSPA2_S.csv
726,27,1.8960216998191681,10,11.06,2018,CSPA2_S.csv
727,30,2.0181634712411705,10,9.91,2018,CSPA2_S.csv
728,9,1.4779411764705883,11,4.08,2018,CSPA2_S.csv
729,14,2.397260273972603,11,2.92,2018,CSPA2_S.csv
730,14,4.638474295190711,11,6.03,2018,CSPA2_S.csv
731,18,1.7829977628635347,11,8.94,2018,CSPA2_S.csv
732,18,2.321724709784412,11,6.03,2018,CSPA2_S.csv
733,19,1.4455555555555557,11,27.0,2018,CSPA2_S.csv
734,19,1.2875536480686696,11,20.97,2018,CSPA2_S.csv
735,20,1.58,11,7.0,2018,CSPA2_S.csv
736,20,1.662510390689942,11,12.03,2018,CSPA2_S.csv
737,21,8.246575342465754,11,2.92,2018,CSPA2_S.csv
738,21,2.1308724832214767,11,8.94,2018,CSPA2_S.csv
739,21,2.4414285714285717,11,7.0,2018,CSPA2_S.csv
740,21,2.0769230769230766,11,13.0,2018,CSPA2_S.csv
741,21,2.1772151898734173,11,11.06,2018,CSPA2_S.csv
742,21,1.2725450901803608,11,14.97,2018,CSPA2_S.csv
743,21,1.8036072144288575,11,14.97,2018,CSPA2_S.csv
744,26,1.4173228346456692,11,19.05,2018,CSPA2_S.csv
745,10,1.3368983957219251,12,29.92,2018,CSPA2_S.csv
746,10,2.0476871721506917,12,20.97,2018,CSPA2_S.csv
747,10,1.6364464692482916,12,21.95,2018,CSPA2_S.csv
748,11,1.5187549880287312,12,25.06,2018,CSPA2_S.csv
749,11,2.072145545796738,12,15.94,2018,CSPA2_S.csv
750,12,9.246575342465754,12,2.92,2018,CSPA2_S.csv
751,14,1.8571428571428568,12,7.0,2018,CSPA2_S.csv
752,20,1.784776902887139,12,19.05,2018,CSPA2_S.csv
753,20,1.3815958815958815,12,31.08,2018,CSPA2_S.csv
754,20,1.5191601049868766,12,19.05,2018,CSPA2_S.csv
755,20,2.3155583437892093,12,15.94,2018,CSPA2_S.csv
756,20,1.4514119601328903,12,24.08,2018,CSPA2_S.csv
757,21,1.4157142857142857,12,7.0,2018,CSPA2_S.csv
758,27,1.1479411764705882,12,34.0,2018,CSPA2_S.csv
759,29,1.9116331096196868,12,8.94,2018,CSPA2_S.csv
760,31,1.4410994764397904,12,22.92,2018,CSPA2_S.csv
761,31,4.901960784313727,12,4.08,2018,CSPA2_S.csv
762,1,1.3116132422490805,1,38.06,2019,CSPA2_S.csv
763,1,1.3835511145272867,1,39.03,2019,CSPA2_S.csv
764,3,4.669117647058823,1,4.08,2019,CSPA2_S.csv
765,3,2.1030927835051547,1,1.94,2019,CSPA2_S.csv
766,3,1.7224231464737794,1,11.06,2019,CSPA2_S.csv
767,3,1.7245206861755802,1,9.91,2019,CSPA2_S.csv
768,3,1.7185714285714284,1,7.0,2019,CSPA2_S.csv
769,24,1.2842331069002504,1,27.97,2019,CSPA2_S.csv
770,24,1.5328073089700995,1,24.08,2019,CSPA2_S.csv
771,24,1.7129232236528376,1,20.97,2019,CSPA2_S.csv
772,24,1.8155583437892095,1,15.94,2019,CSPA2_S.csv
773,25,2.155887230514096,1,6.03,2019,CSPA2_S.csv
774,25,1.5177777777777777,1,27.0,2019,CSPA2_S.csv
775,26,1.5742574257425743,1,5.05,2019,CSPA2_S.csv
776,26,4.608247422680412,1,1.94,2019,CSPA2_S.csv
777,19,1.9285714285714288,2,14.0,2019,CSPA2_S.csv
778,21,1.3985,2,20.0,2019,CSPA2_S.csv
779,1,2.4289215686274512,3,4.08,2019,CSPA2_S.csv
780,10,1.6611295681063123,3,24.08,2019,CSPA2_S.csv
781,11,2.0769230769230766,3,13.0,2019,CSPA2_S.csv
782,11,2.237136465324385,3,8.94,2019,CSPA2_S.csv
783,11,2.2149344096871846,3,9.91,2019,CSPA2_S.csv
784,12,2.761006289308176,3,7.95,2019,CSPA2_S.csv
785,12,2.8031319910514543,3,8.94,2019,CSPA2_S.csv
786,12,2.2149344096871846,3,9.91,2019,CSPA2_S.csv
787,12,1.7185714285714284,3,7.0,2019,CSPA2_S.csv
788,12,3.96039603960396,3,5.05,2019,CSPA2_S.csv
789,12,1.6884615384615385,3,13.0,2019,CSPA2_S.csv
790,12,1.72,3,14.0,2019,CSPA2_S.csv
791,13,1.4206151288445554,3,12.03,2019,CSPA2_S.csv
792,13,1.3155583437892095,3,15.94,2019,CSPA2_S.csv
793,13,1.4008016032064128,3,14.97,2019,CSPA2_S.csv
794,14,1.6352201257861634,3,7.95,2019,CSPA2_S.csv
795,14,1.7224231464737794,3,11.06,2019,CSPA2_S.csv
796,14,1.35,3,20.0,2019,CSPA2_S.csv
797,18,1.3593617021276596,3,47.0,2019,CSPA2_S.csv
798,18,1.778674832962138,3,35.92,2019,CSPA2_S.csv
799,18,1.464860907759883,3,40.98,2019,CSPA2_S.csv
800,18,1.5033407572383073,3,35.92,2019,CSPA2_S.csv
801,18,2.353526220614828,3,11.06,2019,CSPA2_S.csv
802,18,1.72,3,14.0,2019,CSPA2_S.csv
803,21,7.216494845360825,3,1.94,2019,CSPA2_S.csv
804,23,1.3338102050548402,3,20.97,2019,CSPA2_S.csv
805,23,1.7832225913621262,3,24.08,2019,CSPA2_S.csv
806,23,2.083125519534497,3,12.03,2019,CSPA2_S.csv
807,23,1.7224231464737794,3,11.06,2019,CSPA2_S.csv
808,25,2.1030927835051547,3,1.94,2019,CSPA2_S.csv
809,25,4.2061855670103085,3,0.97,2019,CSPA2_S.csv
810,26,2.5157232704402515,3,7.95,2019,CSPA2_S.csv
811,28,1.3972602739726028,3,2.92,2019,CSPA2_S.csv
812,28,5.2061855670103085,3,0.97,2019,CSPA2_S.csv
813,2,6.216494845360825,4,0.97,2019,CSPA2_S.csv
814,2,6.216494845360825,4,0.97,2019,CSPA2_S.csv
815,4,1.7224231464737794,4,11.06,2019,CSPA2_S.csv
816,4,2.155887230514096,4,6.03,2019,CSPA2_S.csv
817,4,3.1592039800995027,4,6.03,2019,CSPA2_S.csv
818,8,3.234106962663976,4,9.91,2019,CSPA2_S.csv
819,12,1.5248691099476441,4,22.92,2019,CSPA2_S.csv
820,17,1.8246051537822112,4,12.03,2019,CSPA2_S.csv
821,17,1.9846292947558768,4,11.06,2019,CSPA2_S.csv
822,17,1.2402234636871508,4,25.06,2019,CSPA2_S.csv
823,18,1.5248691099476441,4,22.92,2019,CSPA2_S.csv
824,18,1.7072192513368982,4,29.92,2019,CSPA2_S.csv
825,18,1.6747805267358338,4,25.06,2019,CSPA2_S.csv
826,18,1.315134761575674,4,28.94,2019,CSPA2_S.csv
827,20,1.46626586506346,4,14.97,2019,CSPA2_S.csv
828,20,1.4285714285714286,4,14.0,2019,CSPA2_S.csv
829,20,2.3456375838926173,4,8.94,2019,CSPA2_S.csv
830,20,1.8960216998191681,4,11.06,2019,CSPA2_S.csv
831,20,1.4978571428571428,4,14.0,2019,CSPA2_S.csv
832,23,1.9115448504983392,4,24.08,2019,CSPA2_S.csv
833,23,1.4005722460658083,4,34.95,2019,CSPA2_S.csv
834,23,1.4005722460658083,4,34.95,2019,CSPA2_S.csv
835,23,1.9623511333077217,4,26.03,2019,CSPA2_S.csv
836,23,1.7781321184510253,4,21.95,2019,CSPA2_S.csv
837,24,1.662510390689942,4,12.03,2019,CSPA2_S.csv
838,25,2.4825870646766166,4,6.03,2019,CSPA2_S.csv
839,26,3.431372549019608,4,4.08,2019,CSPA2_S.csv
840,27,2.1030927835051547,4,1.94,2019,CSPA2_S.csv
841,27,2.1030927835051547,4,1.94,2019,CSPA2_S.csv
842,27,2.6030927835051547,4,1.94,2019,CSPA2_S.csv
843,4,1.5384615384615383,5,13.0,2019,CSPA2_S.csv
844,5,1.2843768285547104,5,17.09,2019,CSPA2_S.csv
845,5,2.1160443995963667,5,9.91,2019,CSPA2_S.csv
846,5,2.1030927835051547,5,1.94,2019,CSPA2_S.csv
847,6,1.8083182640144664,5,11.06,2019,CSPA2_S.csv
848,6,1.531062124248497,5,14.97,2019,CSPA2_S.csv
849,6,1.4653846153846155,5,13.0,2019,CSPA2_S.csv
850,8,1.3985,5,20.0,2019,CSPA2_S.csv
851,8,1.4601366742596809,5,21.95,2019,CSPA2_S.csv
852,9,1.72,5,14.0,2019,CSPA2_S.csv
853,9,2.7214285714285715,5,7.0,2019,CSPA2_S.csv
854,9,1.8155583437892095,5,15.94,2019,CSPA2_S.csv
855,9,2.6030927835051547,5,1.94,2019,CSPA2_S.csv
856,14,4.2061855670103085,5,0.97,2019,CSPA2_S.csv
857,14,18.618556701030926,5,0.97,2019,CSPA2_S.csv
858,17,1.7294520547945205,5,2.92,2019,CSPA2_S.csv
859,25,1.1940594059405942,5,5.05,2019,CSPA2_S.csv
860,31,1.3015,5,20.0,2019,CSPA2_S.csv
861,1,1.4173228346456692,6,19.05,2019,CSPA2_S.csv
862,2,2.397260273972603,6,2.92,2019,CSPA2_S.csv
863,6,3.1082474226804124,6,1.94,2019,CSPA2_S.csv
864,8,2.1030927835051547,6,1.94,2019,CSPA2_S.csv
865,9,5.126712328767123,6,2.92,2019,CSPA2_S.csv
866,11,1.409011117612639,6,17.09,2019,CSPA2_S.csv
867,12,1.3338102050548402,6,20.97,2019,CSPA2_S.csv
868,12,1.7388109552438211,6,14.97,2019,CSPA2_S.csv
869,12,1.5539999999999998,6,20.0,2019,CSPA2_S.csv
870,12,1.579871269748391,6,17.09,2019,CSPA2_S.csv
871,12,1.8592857142857144,6,14.0,2019,CSPA2_S.csv
872,12,1.2843768285547104,6,17.09,2019,CSPA2_S.csv
873,12,1.3333333333333333,6,18.06,2019,CSPA2_S.csv
874,12,1.4682414698162731,6,19.05,2019,CSPA2_S.csv
875,12,4.538613861386139,6,5.05,2019,CSPA2_S.csv
876,13,2.397260273972603,6,2.92,2019,CSPA2_S.csv
877,13,5.2061855670103085,6,0.97,2019,CSPA2_S.csv
878,13,1.4779411764705883,6,4.08,2019,CSPA2_S.csv
879,13,1.2377450980392155,6,4.08,2019,CSPA2_S.csv
880,16,2.321724709784412,6,6.03,2019,CSPA2_S.csv
881,16,2.5742574257425743,6,5.05,2019,CSPA2_S.csv
882,16,2.277142857142857,6,7.0,2019,CSPA2_S.csv
883,17,1.8684034736138944,6,14.97,2019,CSPA2_S.csv
884,17,1.4268001907486887,6,20.97,2019,CSPA2_S.csv
885,17,2.1772151898734173,6,11.06,2019,CSPA2_S.csv
886,17,2.6434494195688223,6,6.03,2019,CSPA2_S.csv
887,18,7.216494845360825,6,0.97,2019,CSPA2_S.csv
888,21,2.6030927835051547,6,1.94,2019,CSPA2_S.csv
889,25,6.216494845360825,6,0.97,2019,CSPA2_S.csv
890,26,1.2377450980392155,6,4.08,2019,CSPA2_S.csv
891,29,1.4825870646766168,6,6.03,2019,CSPA2_S.csv
892,29,3.0616438356164384,6,2.92,2019,CSPA2_S.csv
893,29,2.397260273972603,6,2.92,2019,CSPA2_S.csv
894,29,1.3184079601990049,6,6.03,2019,CSPA2_S.csv
895,29,1.7702970297029703,6,5.05,2019,CSPA2_S.csv
896,29,7.216494845360825,6,0.97,2019,CSPA2_S.csv
897,30,8.195876288659795,6,0.97,2019,CSPA2_S.csv
898,1,1.4779411764705883,7,4.08,2019,CSPA2_S.csv
899,1,1.3972602739726028,7,2.92,2019,CSPA2_S.csv
900,4,3.1082474226804124,7,1.94,2019,CSPA2_S.csv
901,5,2.6030927835051547,7,1.94,2019,CSPA2_S.csv
902,5,4.2061855670103085,7,0.97,2019,CSPA2_S.csv
903,6,7.216494845360825,7,0.97,2019,CSPA2_S.csv
904,7,8.195876288659795,7,0.97,2019,CSPA2_S.csv
905,9,12.402061855670107,7,0.97,2019,CSPA2_S.csv
906,11,1.8341625207296852,7,6.03,2019,CSPA2_S.csv
907,12,1.7829977628635347,7,8.94,2019,CSPA2_S.csv
908,12,1.5132075471698112,7,7.95,2019,CSPA2_S.csv
909,12,1.3911949685534593,7,7.95,2019,CSPA2_S.csv
910,12,1.1940594059405942,7,5.05,2019,CSPA2_S.csv
911,13,1.3972602739726028,7,2.92,2019,CSPA2_S.csv
912,13,5.2061855670103085,7,0.97,2019,CSPA2_S.csv
913,14,1.3972602739726028,7,2.92,2019,CSPA2_S.csv
914,17,12.917525773195875,7,1.94,2019,CSPA2_S.csv
915,19,1.1146869514335869,7,17.09,2019,CSPA2_S.csv
916,19,1.146,7,20.0,2019,CSPA2_S.csv
917,19,3.0616438356164384,7,2.92,2019,CSPA2_S.csv
918,20,6.216494845360825,7,0.97,2019,CSPA2_S.csv
919,20,2.1030927835051547,7,1.94,2019,CSPA2_S.csv
920,20,6.216494845360825,7,0.97,2019,CSPA2_S.csv
921,20,4.2061855670103085,7,0.97,2019,CSPA2_S.csv
922,21,4.2061855670103085,7,0.97,2019,CSPA2_S.csv
923,22,9.81958762886598,7,1.94,2019,CSPA2_S.csv
924,23,1.3146153846153843,7,13.0,2019,CSPA2_S.csv
925,23,2.722602739726028,7,2.92,2019,CSPA2_S.csv
926,24,2.2716981132075467,7,7.95,2019,CSPA2_S.csv
927,24,2.237136465324385,7,8.94,2019,CSPA2_S.csv
928,25,2.8224016145307766,7,9.91,2019,CSPA2_S.csv
929,28,1.5283738674296614,7,20.97,2019,CSPA2_S.csv
930,28,1.5191601049868766,7,19.05,2019,CSPA2_S.csv
931,28,1.35,7,20.0,2019,CSPA2_S.csv
932,28,2.6884615384615387,7,13.0,2019,CSPA2_S.csv
933,28,1.4268001907486887,7,20.97,2019,CSPA2_S.csv
934,29,1.6371428571428572,7,14.0,2019,CSPA2_S.csv
935,29,1.3155583437892095,7,15.94,2019,CSPA2_S.csv
936,29,1.4285714285714286,7,14.0,2019,CSPA2_S.csv
937,29,2.0050314465408805,7,7.95,2019,CSPA2_S.csv
938,29,7.216494845360825,7,0.97,2019,CSPA2_S.csv
939,29,5.2061855670103085,7,0.97,2019,CSPA2_S.csv
940,29,6.216494845360825,7,0.97,2019,CSPA2_S.csv
941,30,2.0201342281879198,7,8.94,2019,CSPA2_S.csv
942,31,5.2061855670103085,7,0.97,2019,CSPA2_S.csv
943,2,2.0650684931506853,8,2.92,2019,CSPA2_S.csv
944,5,2.1030927835051547,8,1.94,2019,CSPA2_S.csv
945,12,1.2207142857142856,8,14.0,2019,CSPA2_S.csv
946,14,3.0616438356164384,8,2.92,2019,CSPA2_S.csv
947,15,6.216494845360825,8,0.97,2019,CSPA2_S.csv
948,15,2.0650684931506853,8,2.92,2019,CSPA2_S.csv
949,21,1.7294520547945205,8,2.92,2019,CSPA2_S.csv
950,22,1.1329987452948556,8,15.94,2019,CSPA2_S.csv
951,22,1.3118062563067607,8,9.91,2019,CSPA2_S.csv
952,24,1.0,8,7.0,2019,CSPA2_S.csv
953,26,1.0769230769230769,8,13.0,2019,CSPA2_S.csv
954,26,1.7156862745098038,8,4.08,2019,CSPA2_S.csv
955,28,1.7294520547945205,8,2.92,2019,CSPA2_S.csv
956,30,5.2061855670103085,8,0.97,2019,CSPA2_S.csv
957,30,1.5051546391752575,8,1.94,2019,CSPA2_S.csv
958,1,1.9950248756218905,9,6.03,2019,CSPA2_S.csv
959,1,1.4779411764705883,9,4.08,2019,CSPA2_S.csv
960,1,2.0650684931506853,9,2.92,2019,CSPA2_S.csv
961,1,4.2061855670103085,9,0.97,2019,CSPA2_S.csv
962,1,1.3972602739726028,9,2.92,2019,CSPA2_S.csv
963,4,1.0,9,4.08,2019,CSPA2_S.csv
964,7,1.3972602739726028,9,2.92,2019,CSPA2_S.csv
965,9,1.7294520547945205,9,2.92,2019,CSPA2_S.csv
966,13,1.1416856492027334,9,21.95,2019,CSPA2_S.csv
967,13,1.1522309711286092,9,19.05,2019,CSPA2_S.csv
968,13,1.1146869514335869,9,17.09,2019,CSPA2_S.csv
969,13,1.1702750146284375,9,17.09,2019,CSPA2_S.csv
970,14,1.0769230769230769,9,13.0,2019,CSPA2_S.csv
971,15,1.7294520547945205,9,2.92,2019,CSPA2_S.csv
972,16,1.0,9,11.06,2019,CSPA2_S.csv
973,16,1.1085011185682327,9,8.94,2019,CSPA2_S.csv
974,16,1.1608623548922057,9,6.03,2019,CSPA2_S.csv
975,18,1.1329987452948556,9,15.94,2019,CSPA2_S.csv
976,18,1.2270333528379171,9,17.09,2019,CSPA2_S.csv
977,18,1.154828411811652,9,25.06,2019,CSPA2_S.csv
978,18,1.4514119601328903,9,24.08,2019,CSPA2_S.csv
979,19,1.5671902268760909,9,22.92,2019,CSPA2_S.csv
980,19,1.3670370370370368,9,27.0,2019,CSPA2_S.csv
981,19,1.2786271450858036,9,32.05,2019,CSPA2_S.csv
982,19,1.3607436539149091,9,27.97,2019,CSPA2_S.csv
983,20,1.0877034358047015,9,11.06,2019,CSPA2_S.csv
984,20,1.0,9,8.94,2019,CSPA2_S.csv
985,20,1.2658227848101264,9,11.06,2019,CSPA2_S.csv
986,20,1.2906976744186047,9,24.08,2019,CSPA2_S.csv
987,21,1.4096296296296298,9,27.0,2019,CSPA2_S.csv
988,21,1.6024363233665562,9,18.06,2019,CSPA2_S.csv
989,21,1.3426815213215522,9,26.03,2019,CSPA2_S.csv
990,21,1.1494429504417978,9,26.03,2019,CSPA2_S.csv
991,21,1.220331588132635,9,22.92,2019,CSPA2_S.csv
992,21,1.204,9,20.0,2019,CSPA2_S.csv
993,21,1.161544850498339,9,24.08,2019,CSPA2_S.csv
994,21,1.3338102050548402,9,20.97,2019,CSPA2_S.csv
995,22,1.3118062563067607,9,9.91,2019,CSPA2_S.csv
996,22,1.0,9,6.03,2019,CSPA2_S.csv
997,22,1.2153931339977853,9,18.06,2019,CSPA2_S.csv
998,22,1.6329113924050631,9,11.06,2019,CSPA2_S.csv
999,22,1.163757273482959,9,12.03,2019,CSPA2_S.csv
1000,22,1.0806317539484622,9,12.03,2019,CSPA2_S.csv
1001,22,1.3250207813798835,9,12.03,2019,CSPA2_S.csv
1002,22,1.2064128256513025,9,14.97,2019,CSPA2_S.csv
1003,23,1.9950248756218905,9,6.03,2019,CSPA2_S.csv
1004,26,1.2377450980392155,9,4.08,2019,CSPA2_S.csv
1005,27,1.5051546391752575,9,1.94,2019,CSPA2_S.csv
1006,27,1.5051546391752575,9,1.94,2019,CSPA2_S.csv
1007,28,1.0,9,1.94,2019,CSPA2_S.csv
1008,29,1.0,9,2.92,2019,CSPA2_S.csv
1009,10,1.2443890274314215,10,12.03,2019,CSPA2_S.csv
1010,10,1.9116331096196868,10,8.94,2019,CSPA2_S.csv
1011,10,1.2270333528379171,10,17.09,2019,CSPA2_S.csv
1012,10,1.226153846153846,10,13.0,2019,CSPA2_S.csv
1013,11,1.7294520547945205,10,2.92,2019,CSPA2_S.csv
1014,18,1.2064128256513025,10,14.97,2019,CSPA2_S.csv
1015,18,1.3118062563067607,10,9.91,2019,CSPA2_S.csv
1016,18,1.4412296564195295,10,11.06,2019,CSPA2_S.csv
1017,25,1.2207142857142856,10,14.0,2019,CSPA2_S.csv
1018,30,1.3333333333333333,10,18.06,2019,CSPA2_S.csv
1019,30,1.1522309711286092,10,19.05,2019,CSPA2_S.csv
1020,31,1.204,10,20.0,2019,CSPA2_S.csv
1021,31,1.2064128256513025,10,14.97,2019,CSPA2_S.csv
1022,2,1.0,11,2.92,2019,CSPA2_S.csv
1023,13,1.2031496062992126,11,19.05,2019,CSPA2_S.csv
1024,13,1.2742596810933942,11,21.95,2019,CSPA2_S.csv
1025,13,1.4663545933294324,11,17.09,2019,CSPA2_S.csv
1026,13,1.1870370370370371,11,27.0,2019,CSPA2_S.csv
1027,14,1.195106649937265,11,15.94,2019,CSPA2_S.csv
1028,14,1.1356893542757416,11,22.92,2019,CSPA2_S.csv
1029,14,1.2270333528379171,11,17.09,2019,CSPA2_S.csv
1030,15,1.2443890274314215,11,12.03,2019,CSPA2_S.csv
1031,15,1.2658227848101264,11,11.06,2019,CSPA2_S.csv
1032,15,1.2547051442910917,11,15.94,2019,CSPA2_S.csv
1033,15,1.269102990033223,11,18.06,2019,CSPA2_S.csv
1034,15,1.1483071053886504,11,20.97,2019,CSPA2_S.csv
1035,15,1.5283738674296614,11,20.97,2019,CSPA2_S.csv
1036,15,1.4469999999999998,11,20.0,2019,CSPA2_S.csv
1037,15,1.3154855643044618,11,19.05,2019,CSPA2_S.csv
1038,15,1.389230769230769,11,13.0,2019,CSPA2_S.csv
1039,15,1.336005344021376,11,14.97,2019,CSPA2_S.csv
1040,15,1.1611295681063123,11,18.06,2019,CSPA2_S.csv
1041,15,1.2547051442910917,11,15.94,2019,CSPA2_S.csv
1042,15,1.1950405340963282,11,20.97,2019,CSPA2_S.csv
1043,15,1.4268001907486887,11,20.97,2019,CSPA2_S.csv
1044,15,1.146,11,20.0,2019,CSPA2_S.csv
1045,15,1.3983420593368234,11,22.92,2019,CSPA2_S.csv
1046,16,1.3146153846153843,11,13.0,2019,CSPA2_S.csv
1047,16,1.46626586506346,11,14.97,2019,CSPA2_S.csv
1048,16,1.2064128256513025,11,14.97,2019,CSPA2_S.csv
1049,18,1.2153931339977853,11,18.06,2019,CSPA2_S.csv
1050,19,1.163757273482959,11,12.03,2019,CSPA2_S.csv
1051,19,1.163757273482959,11,12.03,2019,CSPA2_S.csv
1052,19,1.2064128256513025,11,14.97,2019,CSPA2_S.csv
1053,19,1.264041994750656,11,19.05,2019,CSPA2_S.csv
1054,20,1.4378920953575909,11,15.94,2019,CSPA2_S.csv
1055,20,1.3630979498861049,11,21.95,2019,CSPA2_S.csv
1056,20,1.3983420593368234,11,22.92,2019,CSPA2_S.csv
1057,20,1.4601366742596809,11,21.95,2019,CSPA2_S.csv
1058,20,1.3630979498861049,11,21.95,2019,CSPA2_S.csv
1059,20,1.1748445058742223,11,28.94,2019,CSPA2_S.csv
1060,20,1.2336229946524062,11,29.92,2019,CSPA2_S.csv
1061,20,1.3607436539149091,11,27.97,2019,CSPA2_S.csv
1062,20,1.2592592592592593,11,27.0,2019,CSPA2_S.csv
1063,20,1.3426815213215522,11,26.03,2019,CSPA2_S.csv
1064,20,1.3426815213215522,11,26.03,2019,CSPA2_S.csv
1065,20,1.375663026521061,11,32.05,2019,CSPA2_S.csv
1066,20,1.3368983957219251,11,29.92,2019,CSPA2_S.csv
1067,20,1.3607436539149091,11,27.97,2019,CSPA2_S.csv
1068,20,1.2842331069002504,11,27.97,2019,CSPA2_S.csv
1069,20,1.2842331069002504,11,27.97,2019,CSPA2_S.csv
1070,20,1.2842331069002504,11,27.97,2019,CSPA2_S.csv
1071,20,1.2495530925992135,11,27.97,2019,CSPA2_S.csv
1072,20,1.3368983957219251,11,29.92,2019,CSPA2_S.csv
1073,20,1.315134761575674,11,28.94,2019,CSPA2_S.csv
1074,20,1.3486523842432618,11,28.94,2019,CSPA2_S.csv
1075,20,1.393581592491674,11,33.03,2019,CSPA2_S.csv
1076,20,1.2733676510430778,11,36.91,2019,CSPA2_S.csv
1077,20,1.1954342984409798,11,35.92,2019,CSPA2_S.csv
1078,21,1.5937597503900156,11,32.05,2019,CSPA2_S.csv
1079,21,1.344778254649499,11,34.95,2019,CSPA2_S.csv
1080,21,1.5023529411764704,11,34.0,2019,CSPA2_S.csv
1081,21,1.5113533151680292,11,33.03,2019,CSPA2_S.csv
1082,21,1.3170243204577967,11,34.95,2019,CSPA2_S.csv
1083,21,1.220807369276619,11,36.91,2019,CSPA2_S.csv
1084,21,1.2290545734050728,11,39.03,2019,CSPA2_S.csv
1085,21,1.200534759358289,11,29.92,2019,CSPA2_S.csv
1086,21,1.375663026521061,11,32.05,2019,CSPA2_S.csv
1087,21,1.3397815912636506,11,32.05,2019,CSPA2_S.csv
1088,21,1.2629411764705882,11,34.0,2019,CSPA2_S.csv
1089,21,1.218155197657394,11,40.98,2019,CSPA2_S.csv
1090,21,1.1684298440979954,11,35.92,2019,CSPA2_S.csv
1091,22,1.1702750146284375,11,17.09,2019,CSPA2_S.csv
1092,23,1.1611295681063123,11,18.06,2019,CSPA2_S.csv
1093,24,1.2153931339977853,11,18.06,2019,CSPA2_S.csv
1094,3,1.7294520547945205,12,2.92,2019,CSPA2_S.csv
1095,3,1.1357142857142857,12,7.0,2019,CSPA2_S.csv
1096,3,1.5659955257270697,12,8.94,2019,CSPA2_S.csv
1097,3,1.3535262206148282,12,11.06,2019,CSPA2_S.csv
1098,3,1.2443890274314215,12,12.03,2019,CSPA2_S.csv
1099,4,1.510595358224016,12,9.91,2019,CSPA2_S.csv
1100,5,1.2270333528379171,12,17.09,2019,CSPA2_S.csv
1101,5,1.296764705882353,12,34.0,2019,CSPA2_S.csv
1102,5,1.3044786096256684,12,29.92,2019,CSPA2_S.csv
1103,6,1.2658227848101264,12,11.06,2019,CSPA2_S.csv
1104,6,1.58,12,7.0,2019,CSPA2_S.csv
1105,13,1.3146153846153843,12,13.0,2019,CSPA2_S.csv
1106,13,1.2064128256513025,12,14.97,2019,CSPA2_S.csv
1107,13,1.163757273482959,12,12.03,2019,CSPA2_S.csv
1108,23,1.3338102050548402,12,20.97,2019,CSPA2_S.csv
1109,24,1.3250207813798835,12,12.03,2019,CSPA2_S.csv
1110,24,1.2139253279515638,12,9.91,2019,CSPA2_S.csv
1111,24,1.3456375838926176,12,8.94,2019,CSPA2_S.csv
1112,24,1.2064128256513025,12,14.97,2019,CSPA2_S.csv
1113,24,1.4206151288445554,12,12.03,2019,CSPA2_S.csv
1114,24,1.3607142857142858,12,14.0,2019,CSPA2_S.csv
1115,24,2.0181634712411705,12,9.91,2019,CSPA2_S.csv
1116,24,1.409011117612639,12,17.09,2019,CSPA2_S.csv
1117,24,1.1522309711286092,12,19.05,2019,CSPA2_S.csv
1118,24,1.389230769230769,12,13.0,2019,CSPA2_S.csv
1119,24,1.269102990033223,12,18.06,2019,CSPA2_S.csv
1120,25,1.5231129315389118,12,17.09,2019,CSPA2_S.csv
1121,25,1.1483071053886504,12,20.97,2019,CSPA2_S.csv
1122,25,1.4285714285714286,12,14.0,2019,CSPA2_S.csv
1123,25,1.2547051442910917,12,15.94,2019,CSPA2_S.csv
1124,25,1.4206151288445554,12,12.03,2019,CSPA2_S.csv
1125,25,1.4663545933294324,12,17.09,2019,CSPA2_S.csv
1126,25,1.46626586506346,12,14.97,2019,CSPA2_S.csv
1127,25,1.262652705061082,12,22.92,2019,CSPA2_S.csv
1128,25,1.2402234636871508,12,25.06,2019,CSPA2_S.csv
1129,25,1.231271609681137,12,26.03,2019,CSPA2_S.csv
1130,25,1.2233333333333334,12,27.0,2019,CSPA2_S.csv
1131,25,1.4514119601328903,12,24.08,2019,CSPA2_S.csv
1132,25,1.2592592592592593,12,27.0,2019,CSPA2_S.csv
1133,25,1.2076710435383553,12,28.94,2019,CSPA2_S.csv
1134,25,1.3303703703703704,12,27.0,2019,CSPA2_S.csv
1135,25,1.1939345570630489,12,25.06,2019,CSPA2_S.csv
1136,25,1.2842331069002504,12,27.97,2019,CSPA2_S.csv
1137,25,1.3607436539149091,12,27.97,2019,CSPA2_S.csv
1138,25,1.1875804375804375,12,31.08,2019,CSPA2_S.csv
1139,25,1.2274498886414251,12,35.92,2019,CSPA2_S.csv
1140,25,1.3426815213215522,12,26.03,2019,CSPA2_S.csv
1141,25,1.7,12,20.0,2019,CSPA2_S.csv
1142,25,1.1522858007871633,12,33.03,2019,CSPA2_S.csv
1143,28,1.1754068716094033,12,11.06,2019,CSPA2_S.csv
1144,28,1.3456375838926176,12,8.94,2019,CSPA2_S.csv
1145,29,1.269102990033223,12,18.06,2019,CSPA2_S.csv
1146,29,1.2064128256513025,12,14.97,2019,CSPA2_S.csv
1147,29,1.4412296564195295,12,11.06,2019,CSPA2_S.csv
1148,31,1.2725450901803608,12,14.97,2019,CSPA2_S.csv
1149,31,1.389230769230769,12,13.0,2019,CSPA2_S.csv
1150,31,1.3456375838926176,12,8.94,2019,CSPA2_S.csv
1151,31,1.2139253279515638,12,9.91,2019,CSPA2_S.csv
1152,2,1.3456375838926176,1,8.94,2020,CSPA2_S.csv
1153,2,1.5659955257270697,1,8.94,2020,CSPA2_S.csv
1154,2,1.3411351667641898,1,17.09,2020,CSPA2_S.csv
1155,2,1.409011117612639,1,17.09,2020,CSPA2_S.csv
1156,2,1.5452079566003616,1,11.06,2020,CSPA2_S.csv
1157,25,1.441306755260244,1,18.06,2020,CSPA2_S.csv
1158,25,1.3146153846153843,1,13.0,2020,CSPA2_S.csv
1159,25,1.2064128256513025,1,14.97,2020,CSPA2_S.csv
1160,25,1.3154855643044618,1,19.05,2020,CSPA2_S.csv
1161,25,1.662510390689942,1,12.03,2020,CSPA2_S.csv
1162,25,1.1611295681063123,1,18.06,2020,CSPA2_S.csv
1163,25,1.0809800664451827,1,24.08,2020,CSPA2_S.csv
1164,27,1.1385714285714286,1,14.0,2020,CSPA2_S.csv
1165,27,1.2153931339977853,1,18.06,2020,CSPA2_S.csv
1166,27,1.2064128256513025,1,14.97,2020,CSPA2_S.csv
1167,27,1.2875536480686696,1,20.97,2020,CSPA2_S.csv
1168,27,1.8684034736138944,1,14.97,2020,CSPA2_S.csv
1169,27,1.195106649937265,1,15.94,2020,CSPA2_S.csv
1170,27,1.2443890274314215,1,12.03,2020,CSPA2_S.csv
1171,27,1.6329987452948558,1,15.94,2020,CSPA2_S.csv
1172,28,1.4157142857142857,1,7.0,2020,CSPA2_S.csv
1173,28,1.3118062563067607,1,9.91,2020,CSPA2_S.csv
1174,29,1.2406902815622158,1,33.03,2020,CSPA2_S.csv
1175,29,1.2286123032904148,1,34.95,2020,CSPA2_S.csv
1176,30,1.389230769230769,1,13.0,2020,CSPA2_S.csv
1177,30,1.3770388958594728,1,15.94,2020,CSPA2_S.csv
1178,31,1.3607142857142858,1,14.0,2020,CSPA2_S.csv
1179,31,3.1362260343087787,1,9.91,2020,CSPA2_S.csv
1180,31,1.2547051442910917,1,15.94,2020,CSPA2_S.csv
1181,1,1.4978571428571428,2,14.0,2020,CSPA2_S.csv
1182,1,2.0650684931506853,2,2.92,2020,CSPA2_S.csv
1183,1,1.3146153846153843,2,13.0,2020,CSPA2_S.csv
1184,5,1.8341625207296852,2,6.03,2020,CSPA2_S.csv
1185,8,1.3770388958594728,2,15.94,2020,CSPA2_S.csv
1186,10,1.2771428571428571,2,7.0,2020,CSPA2_S.csv
1187,10,1.253,2,20.0,2020,CSPA2_S.csv
1188,10,1.1780104712041883,2,22.92,2020,CSPA2_S.csv
1189,10,1.3664041994750655,2,19.05,2020,CSPA2_S.csv
1190,10,1.264041994750656,2,19.05,2020,CSPA2_S.csv
1191,10,1.262652705061082,2,22.92,2020,CSPA2_S.csv
1192,10,1.3180367118914609,2,25.06,2020,CSPA2_S.csv
1193,10,1.356020942408377,2,22.92,2020,CSPA2_S.csv
1194,10,1.1870370370370371,2,27.0,2020,CSPA2_S.csv
1195,11,1.6938148290434114,2,26.03,2020,CSPA2_S.csv
1196,11,1.2944444444444445,2,27.0,2020,CSPA2_S.csv
1197,13,1.2371364653243848,2,8.94,2020,CSPA2_S.csv
1198,13,1.3184079601990049,2,6.03,2020,CSPA2_S.csv
1199,13,1.2371364653243848,2,8.94,2020,CSPA2_S.csv
1200,13,4.0979381443298974,2,1.94,2020,CSPA2_S.csv
1201,14,1.3972602739726028,2,2.92,2020,CSPA2_S.csv
1202,19,1.3800667620410112,2,20.97,2020,CSPA2_S.csv
1203,19,1.195106649937265,2,15.94,2020,CSPA2_S.csv
1204,19,1.195106649937265,2,15.94,2020,CSPA2_S.csv
1205,19,1.253,2,20.0,2020,CSPA2_S.csv
1206,19,1.241297091082499,2,20.97,2020,CSPA2_S.csv
1207,20,1.2875536480686696,2,20.97,2020,CSPA2_S.csv
1208,20,1.5706036745406824,2,19.05,2020,CSPA2_S.csv
1209,20,1.201827242524917,2,24.08,2020,CSPA2_S.csv
1210,20,1.5248691099476441,2,22.92,2020,CSPA2_S.csv
1211,21,1.3630979498861049,2,21.95,2020,CSPA2_S.csv
1212,21,1.3054101221640488,2,22.92,2020,CSPA2_S.csv
1213,21,1.4268001907486887,2,20.97,2020,CSPA2_S.csv
1214,23,1.7294520547945205,2,2.92,2020,CSPA2_S.csv
1215,23,1.141616566466266,2,14.97,2020,CSPA2_S.csv
1216,26,1.5835411471321696,2,12.03,2020,CSPA2_S.csv
1217,26,1.5706036745406824,2,19.05,2020,CSPA2_S.csv
1218,26,1.409011117612639,2,17.09,2020,CSPA2_S.csv
1219,26,1.3946528332003194,2,25.06,2020,CSPA2_S.csv
1220,26,1.2336229946524062,2,29.92,2020,CSPA2_S.csv
1221,27,1.5047835990888383,2,21.95,2020,CSPA2_S.csv
1222,27,1.3664041994750655,2,19.05,2020,CSPA2_S.csv
1223,27,1.496,2,20.0,2020,CSPA2_S.csv
1224,27,1.4412296564195295,2,11.06,2020,CSPA2_S.csv
1225,27,1.4173228346456692,2,19.05,2020,CSPA2_S.csv
1226,27,1.336005344021376,2,14.97,2020,CSPA2_S.csv
1227,27,1.3770388958594728,2,15.94,2020,CSPA2_S.csv
1228,1,1.4008016032064128,3,14.97,2020,CSPA2_S.csv
1229,1,1.4682414698162731,3,19.05,2020,CSPA2_S.csv
1230,1,1.253,3,20.0,2020,CSPA2_S.csv
1231,1,1.2875536480686696,3,20.97,2020,CSPA2_S.csv
1232,3,1.5742574257425743,3,5.05,2020,CSPA2_S.csv
1233,4,1.510595358224016,3,9.91,2020,CSPA2_S.csv
1234,4,1.3154855643044618,3,19.05,2020,CSPA2_S.csv
1235,4,1.1522309711286092,3,19.05,2020,CSPA2_S.csv
1236,4,1.3250207813798835,3,12.03,2020,CSPA2_S.csv
1237,8,1.4008016032064128,3,14.97,2020,CSPA2_S.csv
1238,8,1.1515384615384616,3,13.0,2020,CSPA2_S.csv
1239,9,1.2064128256513025,3,14.97,2020,CSPA2_S.csv
1240,9,1.7245206861755802,3,9.91,2020,CSPA2_S.csv
1241,9,1.2875536480686696,3,20.97,2020,CSPA2_S.csv
1242,9,1.2899999999999998,3,14.0,2020,CSPA2_S.csv
1243,22,1.336005344021376,3,14.97,2020,CSPA2_S.csv
1244,22,1.269102990033223,3,18.06,2020,CSPA2_S.csv
1245,22,1.269102990033223,3,18.06,2020,CSPA2_S.csv
1246,22,1.0975,3,20.0,2020,CSPA2_S.csv
1247,25,1.3146153846153843,3,13.0,2020,CSPA2_S.csv
1248,4,2.6030927835051547,4,1.94,2020,CSPA2_S.csv
1249,8,1.3118062563067607,4,9.91,2020,CSPA2_S.csv
1250,8,1.4994237418363427,4,26.03,2020,CSPA2_S.csv
1251,9,1.2411886662059433,4,28.94,2020,CSPA2_S.csv
1252,16,1.5742574257425743,4,5.05,2020,CSPA2_S.csv
1253,17,1.2139253279515638,4,9.91,2020,CSPA2_S.csv
1254,17,1.4127144298688197,4,9.91,2020,CSPA2_S.csv
1255,17,1.1754068716094033,4,11.06,2020,CSPA2_S.csv
1256,17,1.4157142857142857,4,7.0,2020,CSPA2_S.csv
1257,18,1.0,4,1.94,2020,CSPA2_S.csv
1258,20,1.9623762376237623,4,5.05,2020,CSPA2_S.csv
1259,20,1.8341625207296852,4,6.03,2020,CSPA2_S.csv
1260,24,1.2465408805031446,4,7.95,2020,CSPA2_S.csv
1261,24,1.1515384615384616,4,13.0,2020,CSPA2_S.csv
1262,28,2.8571428571428568,4,7.0,2020,CSPA2_S.csv
1263,30,1.2843768285547104,4,17.09,2020,CSPA2_S.csv
1264,30,2.002002002002002,12,9.99,2002,PAEL_S.csv
1265,10,2.6204744069912604,1,8.01,2003,PAEL_S.csv
1266,10,1.5012510425354462,1,11.99,2003,PAEL_S.csv
1267,10,1.9081818181818182,1,11.0,2003,PAEL_S.csv
1268,11,1.8018018018018016,1,9.99,2003,PAEL_S.csv
1269,12,2.247191011235955,1,8.01,2003,PAEL_S.csv
1270,29,1.6016016016016017,1,9.99,2003,PAEL_S.csv
1271,15,1.5025025025025025,3,9.99,2003,PAEL_S.csv
1272,16,1.6016016016016017,3,9.99,2003,PAEL_S.csv
1273,19,2.0,7,9.0,2003,PAEL_S.csv
1274,30,2.002002002002002,8,9.99,2003,PAEL_S.csv
1275,30,2.0,8,9.0,2003,PAEL_S.csv
1276,24,2.0,9,11.0,2003,PAEL_S.csv
1277,2,2.712857142857142,10,7.0,2003,PAEL_S.csv
1278,18,1.5025025025025025,10,9.99,2003,PAEL_S.csv
1279,18,1.873907615480649,10,8.01,2003,PAEL_S.csv
1280,18,1.873907615480649,10,8.01,2003,PAEL_S.csv
1281,30,1.4968789013732835,11,8.01,2003,PAEL_S.csv
1282,2,1.665556295802798,12,15.01,2003,PAEL_S.csv
1283,12,1.6229712858926342,12,8.01,2003,PAEL_S.csv
1284,22,2.002002002002002,12,9.99,2003,PAEL_S.csv
1285,22,2.0,1,7.0,2004,PAEL_S.csv
1286,29,2.8302828618968388,1,6.01,2004,PAEL_S.csv
1287,6,1.8018018018018016,2,9.99,2004,PAEL_S.csv
1288,10,1.9975031210986267,2,8.01,2004,PAEL_S.csv
1289,17,1.7478152309612984,2,8.01,2004,PAEL_S.csv
1290,17,1.873907615480649,2,8.01,2004,PAEL_S.csv
1291,17,2.4968789013732837,2,8.01,2004,PAEL_S.csv
1292,20,1.8018018018018016,2,9.99,2004,PAEL_S.csv
1293,8,2.0,3,11.0,2004,PAEL_S.csv
1294,8,2.1011011011011007,3,9.99,2004,PAEL_S.csv
1295,15,1.7027027027027029,3,9.99,2004,PAEL_S.csv
1296,28,1.6016016016016017,3,9.99,2004,PAEL_S.csv
1297,28,1.9980013324450363,3,15.01,2004,PAEL_S.csv
1298,25,1.4968789013732835,4,8.01,2004,PAEL_S.csv
1299,3,2.8571428571428568,6,7.0,2004,PAEL_S.csv
1300,4,2.6622296173044933,6,6.01,2004,PAEL_S.csv
1301,9,2.4968789013732837,8,8.01,2004,PAEL_S.csv
1302,10,2.712857142857142,8,7.0,2004,PAEL_S.csv
1303,10,2.1235955056179776,8,8.01,2004,PAEL_S.csv
1304,10,1.9081818181818182,8,11.0,2004,PAEL_S.csv
1305,3,1.5025025025025025,9,9.99,2004,PAEL_S.csv
1306,27,1.7027027027027029,9,9.99,2004,PAEL_S.csv
1307,12,1.6680567139282736,11,11.99,2004,PAEL_S.csv
1308,12,2.1011011011011007,11,9.99,2004,PAEL_S.csv
1309,12,1.6680567139282736,11,11.99,2004,PAEL_S.csv
1310,12,1.7506255212677229,11,11.99,2004,PAEL_S.csv
1311,12,1.6428571428571428,11,14.0,2004,PAEL_S.csv
1312,12,2.1011011011011007,11,9.99,2004,PAEL_S.csv
1313,19,2.16930775646372,11,11.99,2004,PAEL_S.csv
1314,1,1.818181818181818,12,11.0,2004,PAEL_S.csv
1315,2,2.712857142857142,12,7.0,2004,PAEL_S.csv
1316,2,3.3322222222222213,12,9.0,2004,PAEL_S.csv
1317,2,2.0,12,9.0,2004,PAEL_S.csv
1318,2,2.9950083194675536,12,6.01,2004,PAEL_S.csv
1319,2,1.9009009009009008,12,9.99,2004,PAEL_S.csv
1320,7,2.0,12,9.0,2004,PAEL_S.csv
1321,13,2.3707865168539324,12,8.01,2004,PAEL_S.csv
1322,16,2.090909090909091,12,11.0,2004,PAEL_S.csv
1323,17,2.3322222222222218,12,9.0,2004,PAEL_S.csv
1324,20,2.6204744069912604,1,8.01,2005,PAEL_S.csv
1325,4,2.43,2,7.0,2005,PAEL_S.csv
1326,4,2.3322222222222218,2,9.0,2005,PAEL_S.csv
1327,10,2.3322222222222218,2,9.0,2005,PAEL_S.csv
1328,21,2.247191011235955,3,8.01,2005,PAEL_S.csv
1329,21,2.6204744069912604,3,8.01,2005,PAEL_S.csv
1330,22,2.9950083194675536,3,6.01,2005,PAEL_S.csv
1331,5,2.702702702702702,4,9.99,2005,PAEL_S.csv
1332,13,2.0,5,9.0,2005,PAEL_S.csv
1333,26,2.1235955056179776,5,8.01,2005,PAEL_S.csv
1334,26,2.2222222222222223,5,9.0,2005,PAEL_S.csv
1335,1,2.571428571428572,9,7.0,2005,PAEL_S.csv
1336,5,1.5025025025025025,9,9.99,2005,PAEL_S.csv
1337,7,2.0,9,11.0,2005,PAEL_S.csv
1338,18,1.8018018018018016,9,9.99,2005,PAEL_S.csv
1339,18,2.002002002002002,9,9.99,2005,PAEL_S.csv
1340,12,1.7478152309612984,10,8.01,2005,PAEL_S.csv
1341,22,1.8018018018018016,10,9.99,2005,PAEL_S.csv
1342,22,1.7027027027027029,10,9.99,2005,PAEL_S.csv
1343,24,1.6016016016016017,10,9.99,2005,PAEL_S.csv
1344,7,2.247191011235955,11,8.01,2005,PAEL_S.csv
1345,19,1.6016016016016017,11,9.99,2005,PAEL_S.csv
1346,21,2.002002002002002,11,9.99,2005,PAEL_S.csv
1347,15,2.11,12,9.0,2005,PAEL_S.csv
1348,16,2.002002002002002,12,9.99,2005,PAEL_S.csv
1349,20,2.712857142857142,12,7.0,2005,PAEL_S.csv
1350,20,2.1011011011011007,12,9.99,2005,PAEL_S.csv
1351,22,2.16930775646372,12,11.99,2005,PAEL_S.csv
1352,22,2.43,12,7.0,2005,PAEL_S.csv
1353,26,1.5384615384615383,12,13.0,2005,PAEL_S.csv
1354,28,1.9081818181818182,12,11.0,2005,PAEL_S.csv
1355,29,2.11,12,9.0,2005,PAEL_S.csv
1356,5,2.090909090909091,1,11.0,2006,PAEL_S.csv
1357,6,2.090909090909091,1,11.0,2006,PAEL_S.csv
1358,8,2.555555555555556,1,9.0,2006,PAEL_S.csv
1359,8,2.998571428571428,1,7.0,2006,PAEL_S.csv
1360,9,0.18181818181818185,1,110.0,2006,PAEL_S.csv
1361,9,2.3322222222222218,1,9.0,2006,PAEL_S.csv
1362,9,1.5025025025025025,1,9.99,2006,PAEL_S.csv
1363,9,2.2022022022022023,1,9.99,2006,PAEL_S.csv
1364,16,1.9182652210175144,1,11.99,2006,PAEL_S.csv
1365,29,2.3322222222222218,1,9.0,2006,PAEL_S.csv
1366,31,2.3322222222222218,1,9.0,2006,PAEL_S.csv
1367,6,1.9980013324450363,2,15.01,2006,PAEL_S.csv
1368,6,2.1011011011011007,2,9.99,2006,PAEL_S.csv
1369,6,2.247191011235955,2,8.01,2006,PAEL_S.csv
1370,6,2.002002002002002,2,9.99,2006,PAEL_S.csv
1371,6,1.9375,2,16.0,2006,PAEL_S.csv
1372,6,2.1011011011011007,2,9.99,2006,PAEL_S.csv
1373,9,2.3322222222222218,2,9.0,2006,PAEL_S.csv
1374,10,2.8302828618968388,2,6.01,2006,PAEL_S.csv
1375,10,2.3023023023023024,2,9.99,2006,PAEL_S.csv
1376,10,2.0025020850708923,2,11.99,2006,PAEL_S.csv
1377,10,2.3344453711426185,2,11.99,2006,PAEL_S.csv
1378,10,2.2022022022022023,2,9.99,2006,PAEL_S.csv
1379,10,1.873907615480649,2,8.01,2006,PAEL_S.csv
1380,10,1.873907615480649,2,8.01,2006,PAEL_S.csv
1381,11,1.665556295802798,2,15.01,2006,PAEL_S.csv
1382,11,2.16930775646372,2,11.99,2006,PAEL_S.csv
1383,12,1.4968789013732835,2,8.01,2006,PAEL_S.csv
1384,27,1.8018018018018016,2,9.99,2006,PAEL_S.csv
1385,28,2.090909090909091,2,11.0,2006,PAEL_S.csv
1386,28,2.6204744069912604,2,8.01,2006,PAEL_S.csv
1387,1,2.6622296173044933,3,6.01,2006,PAEL_S.csv
1388,2,2.3322222222222218,3,9.0,2006,PAEL_S.csv
1389,2,2.712857142857142,3,7.0,2006,PAEL_S.csv
1390,24,2.247191011235955,3,8.01,2006,PAEL_S.csv
1391,24,1.9009009009009008,3,9.99,2006,PAEL_S.csv
1392,3,1.9975031210986267,5,8.01,2006,PAEL_S.csv
1393,3,2.247191011235955,5,8.01,2006,PAEL_S.csv
1394,28,1.5025025025025025,5,9.99,2006,PAEL_S.csv
1395,1,2.998571428571428,6,7.0,2006,PAEL_S.csv
1396,4,3.1597337770382694,9,6.01,2006,PAEL_S.csv
1397,4,3.1428571428571432,9,7.0,2006,PAEL_S.csv
1398,4,2.1011011011011007,9,9.99,2006,PAEL_S.csv
1399,4,1.9182652210175144,9,11.99,2006,PAEL_S.csv
1400,6,1.7263636363636363,9,11.0,2006,PAEL_S.csv
1401,10,1.5025025025025025,9,9.99,2006,PAEL_S.csv
1402,24,2.4968789013732837,9,8.01,2006,PAEL_S.csv
1403,24,2.002002002002002,9,9.99,2006,PAEL_S.csv
1404,24,1.8018018018018016,9,9.99,2006,PAEL_S.csv
1405,25,2.090909090909091,9,11.0,2006,PAEL_S.csv
1406,25,2.11,9,9.0,2006,PAEL_S.csv
1407,26,1.6363636363636365,9,11.0,2006,PAEL_S.csv
1408,26,1.8018018018018016,9,9.99,2006,PAEL_S.csv
1409,26,1.5025025025025025,9,9.99,2006,PAEL_S.csv
1410,27,1.9975031210986267,9,8.01,2006,PAEL_S.csv
1411,8,2.2222222222222223,11,9.0,2006,PAEL_S.csv
1412,9,2.11,11,9.0,2006,PAEL_S.csv
1413,9,2.247191011235955,11,8.01,2006,PAEL_S.csv
1414,9,1.8018018018018016,11,9.99,2006,PAEL_S.csv
1415,10,3.4019999999999997,11,5.0,2006,PAEL_S.csv
1416,12,2.571428571428572,11,7.0,2006,PAEL_S.csv
1417,12,1.4968789013732835,11,8.01,2006,PAEL_S.csv
1418,15,2.746566791510612,11,8.01,2006,PAEL_S.csv
1419,15,2.090909090909091,11,11.0,2006,PAEL_S.csv
1420,15,2.090909090909091,11,11.0,2006,PAEL_S.csv
1421,15,2.4444444444444446,11,9.0,2006,PAEL_S.csv
1422,15,1.8647568287808127,11,15.01,2006,PAEL_S.csv
1423,16,2.3344453711426185,11,11.99,2006,PAEL_S.csv
1424,16,2.247191011235955,11,8.01,2006,PAEL_S.csv
1425,16,3.6,11,5.0,2006,PAEL_S.csv
1426,16,2.4034034034034035,11,9.99,2006,PAEL_S.csv
1427,17,2.2857142857142856,11,7.0,2006,PAEL_S.csv
1428,18,2.9950083194675536,11,6.01,2006,PAEL_S.csv
1429,20,3.002,11,5.0,2006,PAEL_S.csv
1430,20,2.1011011011011007,11,9.99,2006,PAEL_S.csv
1431,21,3.4019999999999997,11,5.0,2006,PAEL_S.csv
1432,3,2.571428571428572,12,7.0,2006,PAEL_S.csv
1433,3,1.7263636363636363,12,11.0,2006,PAEL_S.csv
1434,3,1.8018018018018016,12,9.99,2006,PAEL_S.csv
1435,3,2.002002002002002,12,9.99,2006,PAEL_S.csv
1436,3,1.665556295802798,12,15.01,2006,PAEL_S.csv
1437,3,1.6680567139282736,12,11.99,2006,PAEL_S.csv
1438,3,1.6680567139282736,12,11.99,2006,PAEL_S.csv
1439,6,2.2022022022022023,12,9.99,2006,PAEL_S.csv
1440,17,1.6680567139282736,12,11.99,2006,PAEL_S.csv
1441,17,1.5025025025025025,12,9.99,2006,PAEL_S.csv
1442,18,2.0025020850708923,12,11.99,2006,PAEL_S.csv
1443,18,1.4968789013732835,12,8.01,2006,PAEL_S.csv
1444,18,1.8018018018018016,12,9.99,2006,PAEL_S.csv
1445,19,1.5025025025025025,12,9.99,2006,PAEL_S.csv
1446,19,1.7263636363636363,12,11.0,2006,PAEL_S.csv
1447,20,2.712857142857142,12,7.0,2006,PAEL_S.csv
1448,20,2.2518765638031693,12,11.99,2006,PAEL_S.csv
1449,23,1.5012510425354462,12,11.99,2006,PAEL_S.csv
1450,28,1.8018018018018016,12,9.99,2006,PAEL_S.csv
1451,28,2.4444444444444446,12,9.0,2006,PAEL_S.csv
1452,29,1.665556295802798,12,15.01,2006,PAEL_S.csv
1453,29,1.9980013324450363,12,15.01,2006,PAEL_S.csv
1454,29,2.1011011011011007,12,9.99,2006,PAEL_S.csv
1455,30,3.1428571428571432,12,7.0,2006,PAEL_S.csv
1456,30,2.2857142857142856,12,14.0,2006,PAEL_S.csv
1457,8,3.247191011235955,1,8.01,2007,PAEL_S.csv
1458,12,1.873907615480649,1,8.01,2007,PAEL_S.csv
1459,18,1.9009009009009008,1,9.99,2007,PAEL_S.csv
1460,21,1.6111111111111112,1,18.0,2007,PAEL_S.csv
1461,21,2.1011011011011007,1,9.99,2007,PAEL_S.csv
1462,21,3.0020020020020017,1,9.99,2007,PAEL_S.csv
1463,29,3.2,1,5.0,2007,PAEL_S.csv
1464,4,1.9081818181818182,2,11.0,2007,PAEL_S.csv
1465,13,1.6680567139282736,2,11.99,2007,PAEL_S.csv
1466,8,1.5025025025025025,3,9.99,2007,PAEL_S.csv
1467,15,1.6680567139282736,3,11.99,2007,PAEL_S.csv
1468,20,1.4968789013732835,3,8.01,2007,PAEL_S.csv
1469,25,1.8018018018018016,5,9.99,2007,PAEL_S.csv
1470,25,1.5025025025025025,5,9.99,2007,PAEL_S.csv
1471,20,1.4968789013732835,11,8.01,2007,PAEL_S.csv
1472,11,2.002002002002002,12,9.99,2007,PAEL_S.csv
1473,7,2.002002002002002,1,9.99,2008,PAEL_S.csv
1474,17,1.6680567139282736,1,11.99,2008,PAEL_S.csv
1475,17,2.002002002002002,1,9.99,2008,PAEL_S.csv
1476,2,1.8018018018018016,2,9.99,2008,PAEL_S.csv
1477,12,1.873907615480649,2,8.01,2008,PAEL_S.csv
1478,2,2.3707865168539324,3,8.01,2008,PAEL_S.csv
1479,17,2.4545454545454546,3,11.0,2008,PAEL_S.csv
1480,17,2.142142857142857,3,14.0,2008,PAEL_S.csv
1481,23,2.002002002002002,10,9.99,2008,PAEL_S.csv
1482,23,2.002002002002002,11,9.99,2008,PAEL_S.csv
1483,24,2.247191011235955,11,8.01,2008,PAEL_S.csv
1484,12,2.4034034034034035,1,9.99,2009,PAEL_S.csv
1485,12,2.2518765638031693,1,11.99,2009,PAEL_S.csv
1486,15,2.247191011235955,1,8.01,2009,PAEL_S.csv
1487,30,2.1011011011011007,1,9.99,2009,PAEL_S.csv
1488,30,1.9009009009009008,1,9.99,2009,PAEL_S.csv
1489,30,2.4444444444444446,1,9.0,2009,PAEL_S.csv
1490,30,1.818181818181818,1,11.0,2009,PAEL_S.csv
1491,27,2.2022022022022023,3,9.99,2009,PAEL_S.csv
1492,16,2.002002002002002,4,9.99,2009,PAEL_S.csv
1493,16,2.247191011235955,4,8.01,2009,PAEL_S.csv
1494,16,2.247191011235955,4,8.01,2009,PAEL_S.csv
1495,24,2.247191011235955,5,8.01,2009,PAEL_S.csv
1496,26,2.002002002002002,8,9.99,2009,PAEL_S.csv
1497,16,1.8348623853211008,9,11.99,2009,PAEL_S.csv
1498,29,2.247191011235955,11,8.01,2009,PAEL_S.csv
1499,17,1.6680567139282736,12,11.99,2009,PAEL_S.csv
1500,17,1.9980013324450363,12,15.01,2009,PAEL_S.csv
1501,16,2.247191011235955,1,8.01,2010,PAEL_S.csv
1502,9,1.6680567139282736,3,11.99,2010,PAEL_S.csv
1503,3,2.002002002002002,2,9.99,2011,PAEL_S.csv
1504,25,2.002002002002002,1,9.99,2012,PAEL_S.csv
1505,3,1.9,2,20.0,2012,PAEL_S.csv
1506,9,1.665556295802798,2,15.01,2012,PAEL_S.csv
1507,22,2.6204744069912604,9,8.01,2014,PAEL_S.csv
1508,20,1.665556295802798,1,15.01,2015,PAEL_S.csv
1509,12,2.0850708924103416,10,11.99,2015,PAEL_S.csv
1510,12,1.8018018018018016,10,9.99,2015,PAEL_S.csv
1511,9,2.002002002002002,12,9.99,2015,PAEL_S.csv
1512,26,2.247191011235955,1,8.01,2016,PAEL_S.csv
1513,8,1.6680567139282736,11,11.99,2016,PAEL_S.csv
1514,11,1.4994999999999998,12,20.0,2018,PAEL_S.csv
